{"type":"FeatureCollection","features":[{"type":"Feature","geometry":{"type":"Polygon","coordinates":[[[-97.996514000036797,26.491909999939775],
[-97.995287000173349,26.491741999715785],
[-97.992285000275416,26.491307999742819],
[-97.99192200005227,26.493490000293974],
[-97.991866999800692,26.493767999730832],
[-97.991876999846426,26.494062000005915],
[-97.991869000348828,26.494105999927719],
[-97.990789999725095,26.500343000118509],
[-97.988067000384717,26.515699000350924],
[-97.987914000223839,26.516554999909147],
[-97.987458999939165,26.51912500034161],
[-97.987308000326422,26.519982000001114],
[-97.987165000211306,26.520791999825342],
[-97.98673699969082,26.5232250000489],
[-97.986595000298905,26.524036000185983],
[-97.986144000212192,26.52657300009416],
[-97.984791999776988,26.534184000117129],
[-97.984366999629543,26.536578000135957],
[-97.984221999864587,26.536561999726253],
[-97.983920999565726,26.536514999866011],
[-97.98301799956738,26.536374999945874],
[-97.982717999991721,26.536328999785571],
[-97.980479000350016,26.535990000289303],
[-97.964577999659255,26.533597999658337],
[-97.963912000385719,26.533499999892992],
[-97.963943000347854,26.53364000010621],
[-97.965145000096925,26.537987999652859],
[-97.968839999930907,26.551354999648769],
[-97.969574999699745,26.551845999761749],
[-97.970066999794327,26.552253000106006],
[-97.968759999564966,26.553980000349938],
[-97.968244000079252,26.560175000292158],
[-97.968656999632799,26.56220000008156],
[-97.968086999720413,26.568918999609735],
[-97.964422999848566,26.568751000398521],
[-97.963417999742987,26.574516999768239],
[-97.962549999904766,26.581065999971212],
[-97.960948999947533,26.590608000217244],
[-97.960866999931767,26.591095999705551],
[-97.960621999709375,26.592562000325042],
[-97.960541000416825,26.593050999600358],
[-97.960040000101415,26.59604199973376],
[-97.959357000211128,26.600118000344448],
[-97.958788000123633,26.603488999602256],
[-97.95813000034768,26.607422000223423],
[-97.957489000290181,26.611267999796379],
[-97.95747099984851,26.611368000369797],
[-97.957420999619799,26.611667999959064],
[-97.957404999726293,26.611769000104179],
[-97.958055999829526,26.611861999991916],
[-97.960010999789091,26.612143999759134],
[-97.960662999717243,26.612238000062433],
[-97.960672999763005,26.612238999979805],
[-97.960705000448357,26.612245000286983],
[-97.961241000025581,26.612324000152629],
[-97.962824000439454,26.61256100022522],
[-97.963360000016678,26.612640999786414],
[-97.964200000265791,26.612760999826406],
[-97.96673799965825,26.613127000254874],
[-97.967592999975992,26.613252000130664],
[-97.969439999980537,26.613516999672413],
[-97.975002999735437,26.614320000231626],
[-97.976847000265238,26.614587000304525],
[-97.976858000135891,26.614588000201341],
[-97.978310000130222,26.614798000026372],
[-97.979157000052041,26.614920999893975],
[-97.979232000395129,26.614932000332747],
[-97.982666999938104,26.615428000399895],
[-97.984047999787308,26.615626999917595],
[-97.98411999975734,26.615638000288438],
[-97.985303000138146,26.615809000222566],
[-97.985312000358974,26.616771999767863],
[-97.985379000306125,26.623249000105055],
[-97.985400000222526,26.625268999879257],
[-97.985400000222526,26.62534000035409],
[-97.985402999697257,26.625407999772165],
[-97.985401000047432,26.626474999750673],
[-97.985401000047432,26.629679000239037],
[-97.985402999697257,26.630748999757611],
[-97.985406999895233,26.632154999813753],
[-97.98541100009318,26.632913000155682],
[-97.98539699984947,26.636377999891874],
[-97.985392999651509,26.637785999921409],
[-97.985392999651509,26.63798700004412],
[-97.985409000443369,26.638906000070591],
[-97.985407999720138,26.639174999886077],
[-97.985402999697257,26.643343999695251],
[-97.985401999872352,26.644733999948652],
[-97.985401000047432,26.644758999604832],
[-97.985399000397621,26.647453000043754],
[-97.985400000222526,26.647561000347402],
[-97.985401000047432,26.647670999763644],
[-97.985400000222526,26.651622000329542],
[-97.985395000199659,26.672292999958159],
[-97.985395000199659,26.679190999910563],
[-97.985394000374754,26.682609999623455],
[-97.985392999651509,26.692893000278268],
[-97.985392999651509,26.696320999773889],
[-97.985391999826618,26.697976999972184],
[-97.985391999826618,26.700404000260107],
[-97.985391999826618,26.700614000340487],
[-97.985391999826618,26.700824999977861],
[-97.985391000001698,26.702945999717276],
[-97.985391000001698,26.704609000091228],
[-97.985390000176793,26.70485000002801],
[-97.985389000351873,26.705597000051867],
[-97.985390000176793,26.705846000308558],
[-97.985386999803737,26.705955999691035],
[-97.985386999803737,26.706289999995526],
[-97.985389000351873,26.706403000239604],
[-97.985387999628657,26.708493000240768],
[-97.985386999803737,26.714765000033147],
[-97.985386999803737,26.716857000222262],
[-97.985387999628657,26.716887999738482],
[-97.985385999978845,26.718576999626986],
[-97.985385000153926,26.723736999963776],
[-97.985385000153926,26.725456999705916],
[-97.985385000153926,26.725602000261624],
[-97.985385999978845,26.727023999655398],
[-97.985391999826618,26.731727000144282],
[-97.985395000199659,26.733295000047725],
[-97.985394000374754,26.733351000188971],
[-97.985394000374754,26.733520000104264],
[-97.985394000374754,26.733576999791179],
[-97.985394000374754,26.733623000024419],
[-97.985392999651509,26.733746000172964],
[-97.985392999651509,26.734252999811929],
[-97.985392999651509,26.734422999640685],
[-97.985392999651509,26.734786000019753],
[-97.985392999651509,26.735878000335575],
[-97.985392999651509,26.736241999715649],
[-97.985391999826618,26.736258999894055],
[-97.985391999826618,26.737835999683252],
[-97.985389000351873,26.742620999849368],
[-97.985389000351873,26.744138000189412],
[-97.985391000001698,26.744215999818486],
[-97.985411999918085,26.745500000152994],
[-97.985478000040331,26.749355000142369],
[-97.985488999910984,26.749987000040775],
[-97.98553800031479,26.750336000126225],
[-97.98553800031479,26.750616000311918],
[-97.98553800031479,26.750637000378248],
[-97.985536999591574,26.750712999745527],
[-97.985536999591574,26.750944000064763],
[-97.985536999591574,26.751021000334244],
[-97.985528000269042,26.756999999805537],
[-97.985502000329774,26.77493700015107],
[-97.985498000131827,26.777585999620506],
[-97.985493999933865,26.780917000089932],
[-98.000568999720883,26.781082999730934],
[-98.014611999638149,26.781204999805091],
[-98.020340000147826,26.781254000126648],
[-98.037506000336847,26.781403000237983],
[-98.045453000396719,26.781471999615082],
[-98.069297000051108,26.781678999900624],
[-98.0772449999359,26.781748999946664],
[-98.077275999898035,26.781748999946664],
[-98.077352000066014,26.781756000189468],
[-98.077672999558061,26.781788999724437],
[-98.077752999924016,26.781798000033369],
[-98.07778100041142,26.781798000033369],
[-98.080091000198223,26.781813999778912],
[-98.087023999931688,26.781861999803844],
[-98.089335000441721,26.781879000375866],
[-98.089388000145192,26.781879000375866],
[-98.094098999955392,26.781910999841813],
[-98.100294000445302,26.781953999661276],
[-98.10312399991578,26.781930999703931],
[-98.103164999923649,26.781975000350506],
[-98.103363000290372,26.781966000055611],
[-98.103933000202773,26.781937999935504],
[-98.104024000439367,26.78193399980324],
[-98.110383999887389,26.781942000067666],
[-98.125282000122425,26.781963999989969],
[-98.129465999677919,26.781982999810086],
[-98.135826999849186,26.782011999951482],
[-98.138072000236988,26.782022000275074],
[-98.144808000326961,26.782053999700675],
[-98.147053999641372,26.782065000052501],
[-98.147293999840869,26.782067000116349],
[-98.150166000042461,26.782098000299609],
[-98.159502000347487,26.782200000273679],
[-98.162613999850265,26.782234999740449],
[-98.16292900039285,26.782235999770897],
[-98.163874000223984,26.782241999953307],
[-98.164049000126155,26.78224400001405],
[-98.164188999868244,26.782241999953307],
[-98.164331999983375,26.782239999892525],
[-98.164761000328781,26.782233999710016],
[-98.164904000443912,26.782231999649106],
[-98.16504500001092,26.782230000390115],
[-98.165836999681147,26.782236999801309],
[-98.168636000087815,26.782262999787289],
[-98.169570000048282,26.78227200005864],
[-98.170369000289526,26.78227900026922],
[-98.17276600011499,26.782302000156083],
[-98.17356600018114,26.782310000394578],
[-98.177488999620763,26.782331000215979],
[-98.189260000284364,26.782393999656897],
[-98.193184000447204,26.782415000264706],
[-98.224091000429709,26.78259399967434],
[-98.245266000272068,26.782706000267968],
[-98.250576000307007,26.782717999780843],
[-98.253866999909931,26.782718999807017],
[-98.263845000097362,26.782747999760378],
[-98.265701000322736,26.782772999603612],
[-98.27143700033001,26.782806999670285],
[-98.276224000308204,26.782831000277305],
[-98.289560999870631,26.782905999735686],
[-98.292326999767027,26.782921000102565],
[-98.300625000354501,26.782966999611464],
[-98.303392000075789,26.782982999994125],
[-98.30684699971026,26.783001999643702],
[-98.317214000060119,26.783061000223547],
[-98.32067000041782,26.783080999883026],
[-98.321764000211857,26.780810000352137],
[-98.32504800014209,26.774003000068959],
[-98.326143999585952,26.771734999773219],
[-98.330487999873341,26.762723999973446],
[-98.336464000080156,26.750331999683105],
[-98.338202000304733,26.746767000217123],
[-98.34358799960934,26.735724000092862],
[-98.347835999637269,26.727016000338192],
[-98.347972000079707,26.726732000143045],
[-98.348456999603286,26.72571600031981],
[-98.349916000168633,26.72266999968566],
[-98.350402000415428,26.721655000266921],
[-98.350461999791563,26.721530000360673],
[-98.351262999682646,26.71987099988797],
[-98.353847999829071,26.714520999942604],
[-98.354709999819519,26.712737999937499],
[-98.35645899991475,26.709105000228327],
[-98.361710000398446,26.698205999890092],
[-98.363460000318597,26.694572999714548],
[-98.363723000084335,26.69402599976166],
[-98.36451399992967,26.692389000272549],
[-98.364779000243544,26.691845000338347],
[-98.365361999676409,26.690629999721526],
[-98.367118000342657,26.686984999612385],
[-98.367704000148578,26.685771000235388],
[-98.368310000045994,26.68445199962845],
[-98.370127999738216,26.680498999839099],
[-98.370735000358849,26.679181000176115],
[-98.371105000254687,26.678373999931353],
[-98.372219000140205,26.675954999769807],
[-98.37247100003529,26.675408999738337],
[-98.372599999906726,26.675154000186527],
[-98.374360999697544,26.671765999824984],
[-98.375291000358345,26.66997799995632],
[-98.379380000377623,26.661471000158439],
[-98.381034999863246,26.658030999909872],
[-98.38104499990898,26.658010999941304],
[-98.381310000222854,26.657459000389032],
[-98.382135000403366,26.655744000219673],
[-98.382409999864663,26.655173000018682],
[-98.382440000001893,26.655111000318453],
[-98.384052999654699,26.651754999631198],
[-98.388983999572943,26.64150100032035],
[-98.390628000086195,26.638083000157678],
[-98.390746000086963,26.637835000167701],
[-98.390787000094861,26.637751000191479],
[-98.391104000287257,26.637094000081873],
[-98.39122399993785,26.636847000055706],
[-98.393584999778284,26.63192800007403],
[-98.39394899982635,26.63117899979623],
[-98.394302999828696,26.630443000298342],
[-98.394728999801046,26.629554999621469],
[-98.396759000103685,26.625337000142647],
[-98.399463999900703,26.620335999939599],
[-98.399832999971636,26.619656000266389],
[-98.403701999882898,26.612478000059159],
[-98.404915000400933,26.610230999698377],
[-98.406066000096374,26.608097999749841],
[-98.408500999556665,26.603586999762079],
[-98.409889999801791,26.60096800014821],
[-98.411925999952203,26.597131000111514],
[-98.418036000053291,26.585621000229164],
[-98.420073000028623,26.581785000011905],
[-98.42182999962148,26.578475000294571],
[-98.422257000317046,26.577671999632717],
[-98.427107999869349,26.568546999819961],
[-98.428867999835248,26.565238999858853],
[-98.429755999764964,26.563567999623029],
[-98.43242100027733,26.558554999770518],
[-98.433310000031952,26.556884999709183],
[-98.436100000217778,26.55163600016224],
[-98.440812999677817,26.542772999967788],
[-98.444463000204266,26.535886999646525],
[-98.447246999644008,26.530635999836797],
[-98.451076000270604,26.523413000247867],
[-98.453629999556568,26.518598000127689],
[-98.462543000262272,26.501733000151127],
[-98.46327999968095,26.500340999938633],
[-98.466269999883295,26.494457000162484],
[-98.467495999921823,26.491938999848315],
[-98.471174000037365,26.484383999833543],
[-98.472400999900785,26.481867000275496],
[-98.472768000321906,26.481111999903401],
[-98.473868999788664,26.478849000158998],
[-98.474237000034677,26.478095000361535],
[-98.474448999746784,26.477658999767552],
[-98.475083999956524,26.476351999626079],
[-98.475297000391834,26.475916999964994],
[-98.475905999763995,26.474662999866275],
[-98.477736000050086,26.470903999814567],
[-98.478268000327631,26.469812999920403],
[-98.478363999688781,26.469660999663283],
[-98.479872999584529,26.46726799986445],
[-98.484402999644772,26.460089999914935],
[-98.485823999676967,26.457838999966871],
[-98.485899999844932,26.457689999754852],
[-98.486962999676834,26.455606000016207],
[-98.487534000312451,26.45448900004347],
[-98.488786000290247,26.451940000138144],
[-98.490091999796377,26.449326000033995],
[-98.491137999909839,26.447233999741471],
[-98.49129699991849,26.446861999808828],
[-98.49177599959431,26.445746999801557],
[-98.491936000326177,26.445375999656022],
[-98.491942999998869,26.445361999748521],
[-98.491953999869523,26.445329000304568],
[-98.492307000046949,26.444535999782506],
[-98.493429000328391,26.442022999763793],
[-98.49380400024711,26.441187000380161],
[-98.493816999767589,26.441167000359076],
[-98.494535999642906,26.439884000399513],
[-98.49486399970597,26.439303000047111],
[-98.495559000190141,26.43807799986978],
[-98.496667000227887,26.435942000004534],
[-98.49683399973415,26.435620000271459],
[-98.497309000110306,26.434707999981669],
[-98.497355999965961,26.43461800002752],
[-98.497456000423384,26.434398999791849],
[-98.497760000197005,26.433746000067785],
[-98.497862000304252,26.433530000187293],
[-98.498050999551822,26.433137999638372],
[-98.498623999837278,26.431963000329247],
[-98.498807999960277,26.431587999705524],
[-98.498814999632984,26.431571999964955],
[-98.498853999991027,26.431482999859238],
[-98.499917999647849,26.429512999835712],
[-98.500297999589435,26.428811000313477],
[-98.502814999963789,26.423789000341152],
[-98.503081000102583,26.423260000210362],
[-98.503369999807589,26.422683000367705],
[-98.50412800004095,26.421171999618078],
[-98.504395000004635,26.420636999679818],
[-98.505198000443855,26.419035000234302],
[-98.505467000057365,26.41850100003262],
[-98.505790000097548,26.417855000376758],
[-98.506760000043045,26.415919999869072],
[-98.507083999908147,26.415276000287506],
[-98.507479999743268,26.414484999816249],
[-98.508667000322021,26.412114999804118],
[-98.509063999982061,26.411326000302331],
[-98.509558999551388,26.410337999856328],
[-98.511044999880909,26.4073740000503],
[-98.511541000173438,26.406386999655965],
[-98.512362000156003,26.404747999975339],
[-98.514827999578429,26.399830999659368],
[-98.515650000284211,26.398193000381593],
[-98.515764999911937,26.397961999686135],
[-98.516111000416657,26.39727200019605],
[-98.516226999869318,26.397042000254146],
[-98.516440000304627,26.396615999704071],
[-98.517079999638909,26.395337999886834],
[-98.517293999899152,26.394912999687122],
[-98.518555000097777,26.392397999994685],
[-98.522337999795297,26.384852999756131],
[-98.523598999993922,26.38233799985009],
[-98.524231999655498,26.381076000048669],
[-98.526133000086702,26.377290000011662],
[-98.526766999573212,26.376029000156088],
[-98.527111000428107,26.375344999800049],
[-98.527171999629161,26.375171999943849],
[-98.527662000073931,26.373802999943933],
[-98.528281000390137,26.372557999737985],
[-98.528703999989432,26.371709000339571],
[-98.529202999756706,26.370705999962983],
[-98.53069999995688,26.367700000231164],
[-98.531200000447384,26.366698000117704],
[-98.531911999751699,26.365389000400508],
[-98.532104000270621,26.365035999598007],
[-98.534589999784515,26.35993199970693],
[-98.535419000163003,26.358231000018083],
[-98.536062999695247,26.356937000120048],
[-98.537550999674579,26.35395200016098],
[-98.538000000111467,26.353060000081449],
[-98.538652000039619,26.351770999934512],
[-98.539102000301426,26.350878999939166],
[-98.539432999839221,26.350223999837343],
[-98.541776000136295,26.345587000285864],
[-98.542557999760817,26.344041000244317],
[-98.543183999749687,26.342802999689784],
[-98.543505999964978,26.342167000172154],
[-98.545059000241636,26.3390889998654],
[-98.545459000274718,26.338298000115763],
[-98.54568500023052,26.337852000161401],
[-98.546599999924425,26.336037999679945],
[-98.549348000277462,26.330595999955847],
[-98.550263999796272,26.328783000061854],
[-98.55053800033096,26.328240999900583],
[-98.550649999585644,26.328025999885419],
[-98.55183299996645,26.325771000166139],
[-98.552109999975883,26.325245000380718],
[-98.552231000349707,26.325020999627299],
[-98.552653999949015,26.32417999998016],
[-98.553274999915033,26.322949999713295],
[-98.553926000018265,26.321658999881592],
[-98.554350000340804,26.320819000012555],
[-98.556141000268852,26.317341000207993],
[-98.561001000041969,26.307912999853627],
[-98.56150800020518,26.306904999662738],
[-98.563267000346158,26.30341100034806],
[-98.564063000214375,26.301830000301901],
[-98.566302999680971,26.297384999653367],
[-98.566450999818983,26.297086000207496],
[-98.567239000189588,26.295500999859154],
[-98.567409999893812,26.295155999780338],
[-98.567582000321266,26.294811000285751],
[-98.567948000019143,26.29413599981152],
[-98.568132000142171,26.293799000249486],
[-98.568156000431614,26.293752999891542],
[-98.568230999876363,26.293617000057182],
[-98.568255999990726,26.293571999899221],
[-98.568455000182354,26.293182000214859],
[-98.568849000367663,26.292411999733368],
[-98.569054000407064,26.292013000020738],
[-98.569254000423612,26.29162400021465],
[-98.569432999625434,26.291274000027574],
[-98.56997099975078,26.290224999873011],
[-98.570128000109605,26.289918999974379],
[-98.570150999675832,26.28987599979498],
[-98.570267000026789,26.289647000013176],
[-98.570617999656079,26.288962000189521],
[-98.570734999831927,26.288733999722375],
[-98.571477999996702,26.287282999911188],
[-98.573239999612412,26.283847000185492],
[-98.573708000315875,26.282932000231057],
[-98.574288000274009,26.281801999909895],
[-98.574453999955367,26.28148199990779],
[-98.57462100035994,26.281154000016642],
[-98.57512699979992,26.280174000357896],
[-98.575295999854319,26.27984799996657],
[-98.575439999794355,26.279563999867435],
[-98.575878000360589,26.278716999817227],
[-98.576024999775385,26.278435000171775],
[-98.576126000057712,26.278235999606796],
[-98.576433000204375,26.277642000314756],
[-98.576535000311637,26.277443999606529],
[-98.576892999613605,26.276747999659641],
[-98.577968000039363,26.274661000179183],
[-98.578327000064562,26.273966000093051],
[-98.578339999585054,26.273937999818067],
[-98.578382000316154,26.273857000279168],
[-98.578397000384783,26.273829999614808],
[-98.578547000172605,26.273537000115972],
[-98.57890700002271,26.2728390000015],
[-98.579154999719833,26.272358000399382],
[-98.57928600013939,26.272107000286102],
[-98.579454000368884,26.271773999789101],
[-98.580425999964191,26.269861000371442],
[-98.580930999579252,26.268867999734422],
[-98.581045000280383,26.268644000395902],
[-98.581389000236967,26.267974999654683],
[-98.581503999864694,26.267751999893463],
[-98.5817430002393,26.267277999621115],
[-98.582461000289697,26.265856000081619],
[-98.582700999590912,26.265382999833715],
[-98.582800000223401,26.265187999902878],
[-98.583098999974155,26.264604000278471],
[-98.583199000431577,26.264410000368475],
[-98.58361899965783,26.263581999708151],
[-98.584334000233497,26.262175999840309],
[-98.584877000381724,26.261098000164381],
[-98.585294999958137,26.260270000055563],
[-98.58549999999758,26.259861000198523],
[-98.586039999772723,26.258792000293454],
[-98.586120999963597,26.258640000258527],
[-98.586339000421788,26.25823900008093],
[-98.58644400000378,26.257780000299821],
[-98.585664999854004,26.25768800000963],
[-98.585022000146665,26.257522999814508],
[-98.58445700025716,26.257315999809453],
[-98.58402799991174,26.257157999965983],
[-98.583598999566362,26.256958000202655],
[-98.583089999753312,26.256699999725353],
[-98.582755999842476,26.256499999978992],
[-98.582406999863039,26.256264000270392],
[-98.581992999586234,26.255898999688014],
[-98.581571999636765,26.255555000084591],
[-98.581127000296149,26.255189999691215],
[-98.58084799973858,26.254896000078766],
[-98.580522000223652,26.254609999752763],
[-98.580276000176355,26.254351999699619],
[-98.580020999908243,26.254043999860073],
[-98.579830999937442,26.25380099971899],
[-98.579678999601484,26.253535999993634],
[-98.579543999882262,26.253212999969954],
[-98.579480000308166,26.252854999802295],
[-98.579394999919344,26.252565999825364],
[-98.579321000299501,26.252317999899176],
[-98.579200999750583,26.251808999909493],
[-98.579196999552622,26.251480000136695],
[-98.579219000192253,26.25110900002948],
[-98.579327999972193,26.250899000370943],
[-98.579446999797881,26.250705999962559],
[-98.579495000376781,26.25050499972658],
[-98.579629000271083,26.250197000161343],
[-98.579788000279734,26.249867000008834],
[-98.579924999648767,26.249669000273091],
[-98.580177000442163,26.249308000114354],
[-98.580465000322249,26.249036999900898],
[-98.580738999958641,26.248759000086523],
[-98.581076000242533,26.248463999651719],
[-98.581232999703033,26.248298000194762],
[-98.581458999658864,26.248129000120581],
[-98.581938000232952,26.247831999976285],
[-98.582349000136702,26.247579000298948],
[-98.582781999781744,26.247321999804807],
[-98.583155000050652,26.247135999772926],
[-98.583580000198097,26.246928999790224],
[-98.583909000086066,26.246734000298254],
[-98.584251000392825,26.246483000392004],
[-98.584551999793391,26.246167999903015],
[-98.584879000031535,26.245659000364725],
[-98.585052000283895,26.245207000015405],
[-98.585108000360393,26.244914000003078],
[-98.585123000429007,26.244606000120381],
[-98.585074999850121,26.244283000248068],
[-98.585012000100932,26.244017999762228],
[-98.584857000290242,26.24371899979289],
[-98.584781000122248,26.243523999748749],
[-98.584590000326529,26.243258999949386],
[-98.584311999593879,26.242922000110095],
[-98.583755000100282,26.242378000067308],
[-98.58305499959323,26.241640999739431],
[-98.582776999758877,26.2412610003868],
[-98.582349000136702,26.240708999639885],
[-98.582134000051553,26.240307999613655],
[-98.581893999852028,26.239922000359307],
[-98.581718999949857,26.239548999745129],
[-98.581584000230649,26.239227000256943],
[-98.581479999575251,26.238947999598764],
[-98.581393000434929,26.238733000023853],
[-98.581234000426278,26.238375000366524],
[-98.581068999671515,26.237938999830451],
[-98.580986999655764,26.237693999955511],
[-98.580930999579252,26.237364999702589],
[-98.58084400043893,26.237071000111744],
[-98.580699999600569,26.236647999765911],
[-98.580338999925544,26.23593899994604],
[-98.580206999681067,26.235623999887785],
[-98.579999999991841,26.235229999831141],
[-98.579762000340452,26.234900999857015],
[-98.579451999820748,26.234535999854387],
[-98.579157000267969,26.234270999708471],
[-98.578871000037694,26.234048999686856],
[-98.578593000203355,26.23389800030106],
[-98.578282999683637,26.233741000021965],
[-98.578004999849298,26.233661999811634],
[-98.577727000014946,26.233641000175073],
[-98.577465000074127,26.233641000175073],
[-98.577171000346254,26.23366299979422],
[-98.576748999673541,26.233758999695201],
[-98.576499000326621,26.233939000303106],
[-98.576368999731955,26.23416499964215],
[-98.576258000302204,26.234358000123994],
[-98.57608400022491,26.234527000078277],
[-98.575909000322739,26.234745000099888],
[-98.575685999841667,26.235089000071351],
[-98.575539000426872,26.235318000303177],
[-98.575368999649257,26.2355789998098],
[-98.575202000142994,26.235978000108759],
[-98.575074999921384,26.23627899976735],
[-98.574941000027081,26.236572999749658],
[-98.574838000094914,26.236910000270097],
[-98.574755000254243,26.237240000151022],
[-98.574623999834671,26.237647999924732],
[-98.574428000016098,26.238064000241899],
[-98.574162999702224,26.238486000328681],
[-98.573862000301673,26.238843999644203],
[-98.573528000390823,26.239203000209329],
[-98.573233999764625,26.239482000255421],
[-98.572877000287562,26.239719000141093],
[-98.572098999962719,26.240184999856815],
[-98.571447999859458,26.240571999772456],
[-98.570263999653733,26.24122500013776],
[-98.569263999571035,26.241669999658111],
[-98.568787000443365,26.241820000316544],
[-98.568349999702065,26.241914000104089],
[-98.567993000224988,26.24195700032444],
[-98.567643000420631,26.241978999981306],
[-98.567332999900913,26.24195700032444],
[-98.567055000066574,26.241914000104089],
[-98.566800999623354,26.241857000293422],
[-98.566466999712503,26.241764000372683],
[-98.566188999878165,26.241628000051417],
[-98.565926999937361,26.241470999737349],
[-98.565687999562741,26.241292000234207],
[-98.565512999660569,26.24109099982892],
[-98.565362000047827,26.240861999689141],
[-98.56525900011566,26.240597000266099],
[-98.565176000274974,26.240317999673337],
[-98.565141999939797,26.240094999991594],
[-98.565109000327823,26.239879000191852],
[-98.565090000061247,26.239615000070582],
[-98.565086999688219,26.239454999656427],
[-98.565034999809669,26.238984999684135],
[-98.565011000418536,26.238677000204223],
[-98.564963999664556,26.238405000236099],
[-98.56481999972452,26.23808200005157],
[-98.564526999821553,26.23757099984995],
[-98.564279000124429,26.236918999861736],
[-98.564151999902833,26.236528000039012],
[-98.56404899997068,26.236099000365016],
[-98.563977000000648,26.235496000175335],
[-98.563992999894168,26.235081000308437],
[-98.56404800014576,26.234457000184243],
[-98.564178999667021,26.233449000099025],
[-98.564349000444651,26.232508999649752],
[-98.564387999904383,26.23210700035062],
[-98.564506999730071,26.231540999638874],
[-98.564570000377572,26.231004000363129],
[-98.564577999875183,26.230703999949107],
[-98.564624999730839,26.230245000186759],
[-98.564670999761589,26.229764999887696],
[-98.564727999663006,26.229177000205667],
[-98.564766000196158,26.228804999792303],
[-98.564767000021064,26.228323999967557],
[-98.564726999838086,26.22761500015682],
[-98.564630999578625,26.227077999673913],
[-98.564479999965883,26.22652600008211],
[-98.564193999735608,26.22598900021185],
[-98.563848999954132,26.225488999824886],
[-98.563408999738087,26.225018999805982],
[-98.563202999873752,26.224825999940862],
[-98.562954000351738,26.224592999756307],
[-98.56277100005363,26.224448999806615],
[-98.562549000295775,26.224334999955065],
[-98.562325999814703,26.224249000162761],
[-98.562056000376273,26.224177000400203],
[-98.56177799964361,26.224119999952169],
[-98.561428999664145,26.22412899972786],
[-98.561078999859774,26.224105999851975],
[-98.560744999948923,26.224141999760825],
[-98.560443999650062,26.22424299978131],
[-98.560174000211632,26.224399999990155],
[-98.559966999624081,26.224544000000495],
[-98.559728999972705,26.224715999891128],
[-98.559389000214097,26.225139000128532],
[-98.559078999694364,26.225578999714713],
[-98.55881599992864,26.226012999763782],
[-98.558681000209418,26.226436000119246],
[-98.558528999873459,26.226929000180927],
[-98.558482999842724,26.227195000174941],
[-98.558364000017022,26.227517999982958],
[-98.558301000267832,26.227761000282584],
[-98.558214000229199,26.228047999829919],
[-98.558126000365661,26.228356000069599],
[-98.558078999611666,26.228670999672499],
[-98.557936000394847,26.229193999758561],
[-98.557748999898777,26.229658999742615],
[-98.557508999699266,26.230158999929685],
[-98.557332000147255,26.230395000276779],
[-98.557178999986391,26.230598999863094],
[-98.556959999703267,26.230892999703855],
[-98.556737999945426,26.231143000233441],
[-98.556372000247535,26.231480000377196],
[-98.555839999969962,26.231910000170608],
[-98.555379999662421,26.232218999846015],
[-98.554879000245322,26.232488999797646],
[-98.554338999571854,26.232669999945415],
[-98.553695999864516,26.232886000247188],
[-98.553021000370137,26.233036000153522],
[-98.552123000394673,26.233230000078454],
[-98.551288999993318,26.233351999956827],
[-98.551160000121897,26.233351999956827],
[-98.550518000239478,26.23345999992728],
[-98.550104999787607,26.23347399970719],
[-98.549509999760843,26.233604000000405],
[-98.549016999841342,26.233746999913365],
[-98.548660000364279,26.233882999785713],
[-98.548309999661598,26.234047999707578],
[-98.548040000223182,26.234177000186609],
[-98.547745999596998,26.234334999853772],
[-98.547492000052088,26.234470999844092],
[-98.54721400021775,26.234664999791985],
[-98.546912000093968,26.23487999963849],
[-98.546729999620766,26.235052000357506],
[-98.546570999612101,26.23523800038959],
[-98.546444000288815,26.235424000124073],
[-98.546373000143689,26.23560399976575],
[-98.546380999641315,26.235776000219431],
[-98.546276999884228,26.236041000158],
[-98.546133999769097,26.236206000240305],
[-98.54595200019422,26.236477999713369],
[-98.545800999683166,26.236814999703441],
[-98.545697999750999,26.237202000363869],
[-98.54561099971238,26.237768000107017],
[-98.545554999635868,26.238255000005068],
[-98.54554799996319,26.238613000032004],
[-98.545563999856697,26.239014000265453],
[-98.545626999605901,26.239437000059358],
[-98.545722999865362,26.239909999602123],
[-98.545881999874013,26.240367999958782],
[-98.5460490002786,26.240712000211545],
[-98.54630299982351,26.241062999684743],
[-98.546558000091622,26.241391999945616],
[-98.54680400013892,26.241585999623787],
[-98.547090000369195,26.24180100036741],
[-98.547431999777643,26.241964999614126],
[-98.54781300044246,26.242115999801754],
[-98.548273999676596,26.242215999609915],
[-98.548766999596097,26.242201000167892],
[-98.549401999805823,26.242122000066605],
[-98.549981999763958,26.241999999723131],
[-98.551006999961018,26.241814000036086],
[-98.551658000064265,26.241669999658111],
[-98.552047000226693,26.241583999794891],
[-98.552453000107576,26.241562000063258],
[-98.552874000057031,26.24161199981355],
[-98.553319000295957,26.241697999656047],
[-98.55378700010111,26.241869999955863],
[-98.554255999731168,26.24209899972108],
[-98.554844000085225,26.24245699999457],
[-98.555130000315486,26.242613999782424],
[-98.555455999830414,26.242792999666737],
[-98.556100000260955,26.243014999909935],
[-98.55672000040208,26.243308999775351],
[-98.557197000428033,26.243567000179134],
[-98.557594000088073,26.243802999897021],
[-98.557952000288381,26.244104000241546],
[-98.558205999833277,26.244353999755667],
[-98.558429000314348,26.244583000266402],
[-98.558609000239386,26.244829000009766],
[-98.558731000438129,26.245077999691269],
[-98.558785999791411,26.245284999748435],
[-98.558834000370297,26.245621999986856],
[-98.558819000301682,26.245900999932505],
[-98.558754999829262,26.246115999944806],
[-98.558636000003588,26.24640300010573],
[-98.558468999599,26.246654000184773],
[-98.5582789996282,26.246898999703749],
[-98.558119999619535,26.247069999690037],
[-98.557944999717364,26.247226999691446],
[-98.557770999640084,26.247378000293242],
[-98.557528999790762,26.247549000380317],
[-98.557214999971407,26.247728999776072],
[-98.556888999558154,26.247868999650422],
[-98.556594999830281,26.24800200034165],
[-98.556209000040894,26.248108999733226],
[-98.55585599986351,26.24813099983686],
[-98.555499000386433,26.248108999733226],
[-98.555164999577272,26.248051999738294],
[-98.554830999666436,26.247965999763718],
[-98.554489000257988,26.247872999897581],
[-98.554163999669655,26.247737000279841],
[-98.553782999903149,26.247557999953866],
[-98.553433000098778,26.247337000197259],
[-98.553074999898485,26.247128999900212],
[-98.552662000344924,26.246857000375368],
[-98.552161000029514,26.246628000317326],
[-98.551540999888402,26.24637700018209],
[-98.550913000249693,26.246127000185808],
[-98.550372999576211,26.245968999627149],
[-98.549857000090483,26.245819000295221],
[-98.549339999881539,26.245704999642157],
[-98.548831999893409,26.245575999870852],
[-98.548323000080401,26.245460999904036],
[-98.54773499972633,26.245367999644451],
[-98.547170999661731,26.245289999967124],
[-98.546702000031672,26.245240000187756],
[-98.546169999754113,26.245117999894536],
[-98.545757000200553,26.244989000277297],
[-98.545327999855147,26.244766999776335],
[-98.544740000399415,26.244459000309767],
[-98.544230999688068,26.244187000175312],
[-98.54396899974725,26.243993999898198],
[-98.543802000240987,26.243822000324588],
[-98.543643000232336,26.243649999690724],
[-98.543468000330137,26.24341399966217],
[-98.543365000397969,26.243177000059337],
[-98.5432609997426,26.242955000125555],
[-98.543157999810433,26.242775999685055],
[-98.543101999733935,26.242589999628443],
[-98.543049000030493,26.242219000142658],
[-98.542991000304156,26.242009999637219],
[-98.542978999710286,26.24174900006663],
[-98.542935000227672,26.241421999842238],
[-98.542879000151174,26.241136000190384],
[-98.542830999572288,26.240819999790471],
[-98.542792000112541,26.240705999873885],
[-98.542695999853066,26.240534000268777],
[-98.542409999622805,26.240139999932918],
[-98.542059999818434,26.23960999960774],
[-98.541822000167073,26.239266000122317],
[-98.541511999647341,26.238800999883694],
[-98.541246000406886,26.238334000317394],
[-98.541049999689974,26.2379239998365],
[-98.540828999757053,26.237458999869876],
[-98.540629999565425,26.237058999865965],
[-98.540447000165628,26.236659000097251],
[-98.540256000369922,26.236272000046501],
[-98.540032999888837,26.235812999702866],
[-98.539882000276108,26.235476999998284],
[-98.539698999978,26.235133000369061],
[-98.53949300011368,26.234702999602639],
[-98.539318000211495,26.234272999663176],
[-98.539087000232811,26.233736000112245],
[-98.53891200033064,26.233220000214832],
[-98.538729000032532,26.232668999954292],
[-98.538570000023881,26.232245999708226],
[-98.538379000228161,26.231722999650039],
[-98.538173000363827,26.231206999683124],
[-98.538036999921403,26.230884999652236],
[-98.537933999989235,26.230562000332029],
[-98.537831000057068,26.230225999957405],
[-98.537703000010552,26.229816999908348],
[-98.537621999819692,26.22953099990994],
[-98.537488999750309,26.229101000183306],
[-98.537415000130466,26.228800999694755],
[-98.537163000235381,26.228141000247255],
[-98.53695599964783,26.227674999800147],
[-98.536796999639179,26.22732400019839],
[-98.536567000383712,26.226922999937742],
[-98.536343999902641,26.2266370000747],
[-98.536177000396378,26.226400000114587],
[-98.535947000242615,26.226134999961292],
[-98.535691999974475,26.225898999833454],
[-98.53541400014015,26.225654999621174],
[-98.535127999909875,26.225490999930631],
[-98.534875000189899,26.225394999650707],
[-98.534645999861027,26.225328000063151],
[-98.534362000178902,26.22528600019373],
[-98.534033000290933,26.225309999890744],
[-98.533757000106405,26.225382999811593],
[-98.533454999982609,26.225498000300519],
[-98.533161000254751,26.225654000375549],
[-98.532885999895129,26.225801999840069],
[-98.532592999992161,26.22592500030806],
[-98.532293000416516,26.22603600006839],
[-98.532045999645987,26.226150999911649],
[-98.531626000419735,26.226343999995656],
[-98.531197000074357,26.226566000222327],
[-98.530663999971878,26.2268169996197],
[-98.530219999557843,26.227054000341759],
[-98.529941999723505,26.227240000274328],
[-98.529688000178609,26.227433000162883],
[-98.529299000016167,26.227729000016794],
[-98.529064999664456,26.227946999890278],
[-98.528828999662892,26.228169000280356],
[-98.528591999836422,26.228436999910841],
[-98.528416999934251,26.228695000282613],
[-98.528257999925586,26.228931000377525],
[-98.528098999916921,26.229224999600444],
[-98.527964000197727,26.229454000100112],
[-98.527821000082596,26.229718999943035],
[-98.527678999792357,26.229999000200419],
[-98.527508000088147,26.230357999875029],
[-98.527281000307426,26.230833000109165],
[-98.5271390000172,26.231131000181627],
[-98.527004000297978,26.231446000325704],
[-98.526932000327974,26.231717999653544],
[-98.526829000395807,26.232011999888261],
[-98.526748000204947,26.232251999676773],
[-98.526646000097699,26.232577999918895],
[-98.526472000020433,26.232943999610786],
[-98.526256999935271,26.233301999876847],
[-98.526026999781507,26.233623999660725],
[-98.525692999870657,26.234046999728299],
[-98.525287999814708,26.234484000332536],
[-98.524739999643614,26.234985999858697],
[-98.524358999877109,26.235265000356478],
[-98.524033000362181,26.235444000277074],
[-98.523763000025454,26.235595000072294],
[-98.523438000335446,26.235701999605698],
[-98.523120000318116,26.235796000311886],
[-98.522706999866244,26.235781000041403],
[-98.522372999955394,26.235703000376528],
[-98.522158999695151,26.235623999887785],
[-98.52192000021887,26.235480999866166],
[-98.52171400035455,26.235302000002552],
[-98.521578999737017,26.235093999922888],
[-98.521485999850597,26.234726999773503],
[-98.521427000299369,26.234398999963844],
[-98.521396000337234,26.234075999929907],
[-98.521372000047791,26.233667999707105],
[-98.521411000405848,26.233316999661355],
[-98.521459000086423,26.232952000326517],
[-98.521530000231522,26.232671999927689],
[-98.521618999919994,26.232378999743826],
[-98.521696999737799,26.232156000143121],
[-98.521815999563486,26.231913000163573],
[-98.522070000006693,26.231611999677106],
[-98.522269000198335,26.231461000349629],
[-98.522419999811063,26.231311000023119],
[-98.522531000139153,26.231146000246238],
[-98.52269000014779,26.230909999811669],
[-98.523316999961608,26.230414999683251],
[-98.524031999638979,26.230013999605216],
[-98.524445000090836,26.229798999624915],
[-98.524731000321097,26.229641000240527],
[-98.52496200029978,26.22951899969177],
[-98.525318999776843,26.229361999946534],
[-98.525596999611196,26.229160999865805],
[-98.525882999841457,26.228902999722067],
[-98.52617699956933,26.228538000230735],
[-98.526549999838238,26.228042999675385],
[-98.526851999962034,26.227447999898637],
[-98.526979000183616,26.227103999884974],
[-98.527082000115783,26.22674599987721],
[-98.527137000367389,26.226287999849788],
[-98.527169000154444,26.225699000265347],
[-98.52712099957553,26.225277999756436],
[-98.527010000145765,26.224833000350738],
[-98.526770999771159,26.224295999916581],
[-98.526405999898188,26.223643999630092],
[-98.526087999880872,26.22315699978175],
[-98.525691000220831,26.222627000211343],
[-98.525165999615965,26.221982000015799],
[-98.524594000053753,26.221351999989299],
[-98.524086000065637,26.220893000388898],
[-98.52381599972891,26.220713999829151],
[-98.523481999818046,26.220584999727688],
[-98.523156000303118,26.220471000118724],
[-98.522814999821279,26.220391999758604],
[-98.522536999986926,26.22034899962167],
[-98.522250999756679,26.22034899962167],
[-98.522004999709381,26.220364000270983],
[-98.521750000339551,26.220407000402368],
[-98.521567999866363,26.220507000346622],
[-98.521433000147141,26.220628999872069],
[-98.521162999810414,26.221079999788067],
[-98.521028000091192,26.22148899993871],
[-98.520900999869582,26.221903999959679],
[-98.520821000401966,26.22229599987806],
[-98.520715000096757,26.222780999955294],
[-98.520517999554954,26.223265000355948],
[-98.520223000002161,26.223650000042404],
[-98.519669999808201,26.224153999727932],
[-98.519188999584259,26.224589000319721],
[-98.518668999900598,26.224988999706021],
[-98.518139000171161,26.225239000034133],
[-98.517287000226474,26.225751999737113],
[-98.51659599994025,26.226225000157076],
[-98.516000999913487,26.226553999698211],
[-98.515429000351276,26.226797999636112],
[-98.514722000171531,26.226998999771801],
[-98.514285000328528,26.227105999962944],
[-98.513701999997338,26.227236000122957],
[-98.513368000086487,26.227248999808641],
[-98.513215999750543,26.22725500003498],
[-98.512834000159117,26.227242000349996],
[-98.512424999905207,26.227166999907361],
[-98.512029000070086,26.227130000090185],
[-98.511695999984141,26.227104999923959],
[-98.511321000065408,26.227041999867986],
[-98.510911999811498,26.226948000143114],
[-98.510453000227187,26.226792000191999],
[-98.510168999646751,26.226646999698566],
[-98.509863000223305,26.22649100014959],
[-98.509633000069556,26.226352000359668],
[-98.50936000025807,26.226186999993367],
[-98.509176000135042,26.226033999972024],
[-98.509009999555389,26.225895999685317],
[-98.508814999561707,26.225670999637572],
[-98.508670999621671,26.225528000269186],
[-98.508509999963195,26.225389000134239],
[-98.508335999885915,26.225258000272394],
[-98.508106999557057,26.225083000208308],
[-98.507586999873382,26.224707000160844],
[-98.507232999871064,26.224424999931976],
[-98.506599000384554,26.223978999614534],
[-98.505733000196145,26.223511000080723],
[-98.505205999941467,26.223286000254497],
[-98.5045389999447,26.223091999857939],
[-98.503880000343827,26.222979000362617],
[-98.503332000172747,26.222928999851991],
[-98.502957000254028,26.222884999771704],
[-98.502624000168083,26.222835000026549],
[-98.502241999678347,26.222797999637194],
[-98.501853000414243,26.22274200020162],
[-98.501547999917406,26.222703999705889],
[-98.501284000326763,26.222640999683669],
[-98.501034000081503,26.222559999835227],
[-98.500825999669047,26.222410000116216],
[-98.500673000406479,26.222202999622244],
[-98.50063200039861,26.221996999648681],
[-98.500618000154887,26.221784000329077],
[-98.500659000162784,26.221527000025525],
[-98.500791000407261,26.221345000175791],
[-98.500986000400928,26.221132999752744],
[-98.501241999595649,26.220875999622734],
[-98.501748999758846,26.220388000177618],
[-98.502019999920506,26.220150000280274],
[-98.502276999838472,26.21985499977578],
[-98.50251899968778,26.219599000149564],
[-98.502768999933039,26.21930499996575],
[-98.50310200001897,26.21891000011702],
[-98.503352000264229,26.21861599980387],
[-98.503580999694776,26.218272000265014],
[-98.503741000426658,26.218034000068428],
[-98.503963000184513,26.21763899993406],
[-98.50425500026256,26.217112999901268],
[-98.504462999776706,26.216718999992086],
[-98.504706000349259,26.216256000120126],
[-98.505082000092912,26.21564600004535],
[-98.505504999692207,26.214986000101593],
[-98.505733000196145,26.214677999921321],
[-98.505961999626692,26.214334000022667],
[-98.506238999636125,26.2139139996392],
[-98.506495999554076,26.213463000153101],
[-98.506698999943666,26.213088999941526],
[-98.507010000288304,26.212430000167195],
[-98.507268999856052,26.211788999734267],
[-98.507405000298505,26.21127900023745],
[-98.507468000047695,26.210765000205878],
[-98.507476000443617,26.210427000312094],
[-98.507468000047695,26.21022099963788],
[-98.507418999643889,26.209945000072295],
[-98.507321999559508,26.209657000003016],
[-98.507175999969647,26.209425000257284],
[-98.507016000136076,26.209224999771838],
[-98.506836000211024,26.20903699966302],
[-98.506606999882166,26.208875000311735],
[-98.506453999721288,26.208793000355112],
[-98.506238999636125,26.208748999764882],
[-98.505940999710305,26.208736999820797],
[-98.505712000279743,26.208674000295687],
[-98.505441000118111,26.208593000395616],
[-98.505149999864969,26.208548999729778],
[-98.504836999870506,26.208511999633199],
[-98.50447600019551,26.20850499985324],
[-98.504205999858755,26.208548999729778],
[-98.503816999696326,26.208624000085443],
[-98.50344900034861,26.208689000032216],
[-98.503081000102583,26.208765999884982],
[-98.502553999847891,26.208842999686844],
[-98.502151000340078,26.208930999973685],
[-98.501804000010438,26.209049999770357],
[-98.501290999999455,26.209237999858146],
[-98.500651999591767,26.209501000238816],
[-98.499924000393932,26.209782000184969],
[-98.499119000304901,26.210076999630825],
[-98.498368999569138,26.210377000048943],
[-98.497653999891781,26.210684000149097],
[-98.497084999804301,26.210933999784665],
[-98.496287000286287,26.211303999774994],
[-98.49525299986837,26.211741999763511],
[-98.494226000021499,26.212149000166836],
[-98.493101000265327,26.212562000131026],
[-98.491615999760725,26.212987999908851],
[-98.490963999832573,26.213112999736936],
[-98.490290000163085,26.213213000308635],
[-98.489644999907625,26.213249999716648],
[-98.488986000306781,26.213249999716648],
[-98.48841600039438,26.213244000379785],
[-98.48800700014047,26.213213000308635],
[-98.487381999976492,26.213143999834699],
[-98.486618999720264,26.213011999725097],
[-98.486140000044443,26.212911999786584],
[-98.485736999638306,26.212806000402669],
[-98.485376999788215,26.212711999651777],
[-98.485037000029592,26.21259300037558],
[-98.484709999791448,26.212479000189564],
[-98.484399000345121,26.212329000368495],
[-98.484134000031247,26.212173000156103],
[-98.483780000028929,26.21195400037298],
[-98.483517000263191,26.211698999653599],
[-98.483308999850721,26.211433999862656],
[-98.482974999939884,26.210940000046563],
[-98.482455000256209,26.210068999759514],
[-98.482148999934452,26.209589000028156],
[-98.481900000412423,26.208991999776288],
[-98.481789000084348,26.208691999818075],
[-98.481656999839871,26.208221999645385],
[-98.481573999999199,26.207891000243713],
[-98.481512000074915,26.207452000062489],
[-98.481470000242126,26.207019999707256],
[-98.481457999648242,26.206651000014848],
[-98.481441999754708,26.206413000230516],
[-98.481470000242126,26.20609399993247],
[-98.48152600031861,26.20555499961036],
[-98.481615999831988,26.205155000310587],
[-98.481754999749171,26.204779000344264],
[-98.482049000375341,26.204288999821809],
[-98.482170999675773,26.204096999660027],
[-98.482400999829537,26.203789999918804],
[-98.482656999922568,26.203520999692735],
[-98.482949000000616,26.203314000255194],
[-98.483164000085765,26.203145000091055],
[-98.483344000010831,26.202926000247896],
[-98.483468999684305,26.202714000121375],
[-98.483566999593592,26.202456999613876],
[-98.48365700000528,26.202156000292828],
[-98.483648999609358,26.201899000165618],
[-98.483607999601489,26.201692999713661],
[-98.48348399975292,26.201430000230708],
[-98.483226999834955,26.201223999754973],
[-98.482866000159945,26.201091999829782],
[-98.482344999753039,26.200984999896633],
[-98.481804000152977,26.200847999989318],
[-98.48133899982254,26.200779000245589],
[-98.48088100006315,26.20073499985034],
[-98.480512999817122,26.20078500022495],
[-98.48012500037791,26.200873000155049],
[-98.479598999948138,26.201088999848075],
[-98.479229999877191,26.201266999704394],
[-98.478928999578315,26.201479000047627],
[-98.478449000077603,26.201878999887317],
[-98.4782020002054,26.202162000201223],
[-98.477929000393928,26.202479000294232],
[-98.4776819996234,26.202832000383893],
[-98.477577000041421,26.203175999619681],
[-98.477515000117151,26.203494999853682],
[-98.477515000117151,26.203808000196386],
[-98.477583999714113,26.204026999992436],
[-98.477626000445227,26.204210999995784],
[-98.47765400003432,26.204408999762133],
[-98.477680999798494,26.204635000052726],
[-98.477736999874992,26.204997999925681],
[-98.477784999555567,26.205322999748638],
[-98.477910000127366,26.205823999972406],
[-98.478034999800812,26.206299999850994],
[-98.478117999641498,26.206788000347338],
[-98.478193999809477,26.207326999796177],
[-98.478338999574433,26.207969000021901],
[-98.47843700038203,26.208322000389789],
[-98.478538999590981,26.208609000340541],
[-98.478756000224266,26.209136000319777],
[-98.478950000393027,26.209561999742689],
[-98.479089000310211,26.209812000176438],
[-98.479429000068833,26.21036900019827],
[-98.47958899990239,26.21063900009317],
[-98.479758999781708,26.210909000167646],
[-98.480069000301427,26.211307999668271],
[-98.480348999785591,26.211669000148564],
[-98.480824000161746,26.212179000354123],
[-98.481138999806021,26.212529000355584],
[-98.481440999929816,26.21289299994972],
[-98.481738999855637,26.213178999753186],
[-98.482169000025948,26.213568999744489],
[-98.482593000348473,26.213982000310732],
[-98.482829000350023,26.214332999873889],
[-98.482981999612591,26.214602000096804],
[-98.483134999773469,26.214946000009096],
[-98.483204000268742,26.215266000363989],
[-98.483258999622009,26.21561599994596],
[-98.483266000193026,26.215884999620684],
[-98.483272999865719,26.216148000292289],
[-98.483268999667757,26.216548999819743],
[-98.483231000032916,26.216854999628794],
[-98.483189000200127,26.217199000133586],
[-98.48311999970484,26.217525999977415],
[-98.483029000366571,26.217798999742016],
[-98.482939999779788,26.218076000138478],
[-98.482819000304289,26.218308999676196],
[-98.482308999768037,26.218949000349468],
[-98.482127000193159,26.219152999864413],
[-98.481897999864302,26.219391000189567],
[-98.481580999671891,26.219649999776902],
[-98.481269000400673,26.219878999787415],
[-98.480906000177512,26.220029000352326],
[-98.480429000151531,26.220159000363118],
[-98.479962000171312,26.220224999606319],
[-98.479439000114581,26.220299000398292],
[-98.478711999843327,26.220341999747809],
[-98.478115000166767,26.220348000330485],
[-98.477505000071403,26.220348000330485],
[-98.476658000149556,26.220323000318313],
[-98.476136999742664,26.22027300027786],
[-98.475436000309017,26.220184999703129],
[-98.474888000137923,26.220166000248],
[-98.474380999974727,26.220184999703129],
[-98.473770999879349,26.220241000369601],
[-98.473124999798969,26.220315999636984],
[-98.472584000198907,26.220404000112609],
[-98.472138999959981,26.220490999619916],
[-98.471577000443503,26.2206039999203],
[-98.47065400035369,26.220898000044908],
[-98.470000999702293,26.221141999759546],
[-98.469245000017082,26.221436000136254],
[-98.468702999693761,26.221661000317344],
[-98.468112999689879,26.221929999715552],
[-98.467649000082702,26.222159000073177],
[-98.467085999843007,26.222462000201887],
[-98.466495999839125,26.222838000253613],
[-98.466141999836793,26.223044000349578],
[-98.465746000001673,26.223325999897234],
[-98.465135000081389,26.223820000314735],
[-98.464759000337764,26.224189000363697],
[-98.464359000304668,26.224538999695323],
[-98.463863999837031,26.224958999598282],
[-98.463389000359214,26.225299000097383],
[-98.462872000150256,26.225623000387639],
[-98.462436999957063,26.225861000369076],
[-98.462371999659737,26.225897999784063],
[-98.46184399958014,26.226110999628691],
[-98.46124699990358,26.226242000141468],
[-98.460622999564492,26.22629200003378],
[-98.460247999645787,26.226303999779105],
[-98.459824000221573,26.226247999613939],
[-98.459505000379338,26.226184999899598],
[-98.459151000377005,26.226041000309205],
[-98.458839000207462,26.22588399989791],
[-98.458456999717725,26.225634000150336],
[-98.458274000317957,26.225523000006341],
[-98.458081999799006,26.225402000026342],
[-98.457922999790355,26.225314000108359],
[-98.457825999705975,26.225239000034133],
[-98.457742000040383,26.225132999792997],
[-98.457673000443407,26.225026000204267],
[-98.457610999620826,26.224850999791119],
[-98.457562000115317,26.22465700039303],
[-98.457485999947338,26.224469000235597],
[-98.457367999946555,26.224363000098606],
[-98.45719399986929,26.224268999820293],
[-98.457125000272313,26.22416200024259],
[-98.457063000348043,26.223962000105253],
[-98.456978999784155,26.223728999801658],
[-98.45694000032438,26.223666999597334],
[-98.456736999934805,26.223342000234005],
[-98.456507999605947,26.222891000223189],
[-98.456382999932472,26.22261600016428],
[-98.456258000258998,26.222252999639018],
[-98.456132999687213,26.221821000235078],
[-98.456002000165967,26.221394999755521],
[-98.455925000173067,26.221007000390227],
[-98.455807999997205,26.220236999977537],
[-98.45579399975351,26.219717000217269],
[-98.455766999989322,26.218859000165327],
[-98.455752999745627,26.218571000397588],
[-98.455752999745627,26.218239999806389],
[-98.455752999745627,26.21792700039704],
[-98.455690999821357,26.217631999897151],
[-98.455593999736976,26.217344000315755],
[-98.455419999659696,26.217044000128062],
[-98.455226000389246,26.216861999712446],
[-98.455045999565883,26.216767999820263],
[-98.454788999647931,26.216711999899836],
[-98.454510999813593,26.216692999877523],
[-98.454253999895641,26.216723999827483],
[-98.454053000054174,26.216817999755222],
[-98.453858999885441,26.216937000352161],
[-98.453678000135454,26.217105999832707],
[-98.453545999890977,26.217299999734916],
[-98.453456000377614,26.217537999821122],
[-98.453406999973794,26.217782000135511],
[-98.453386000057407,26.21801300002771],
[-98.453365000141005,26.218232999805636],
[-98.453339000201751,26.218478999694732],
[-98.453319999935175,26.21872700009164],
[-98.453299000018774,26.219018999907306],
[-98.453211999980141,26.219371999798895],
[-98.45309900000224,26.219658999898435],
[-98.452948000389483,26.219973000389686],
[-98.452787999657602,26.220248000249558],
[-98.452518000219186,26.220624000204481],
[-98.452273999821699,26.220924000025633],
[-98.451969000223187,26.221311999667765],
[-98.451754000138038,26.22156299992665],
[-98.451468999732683,26.221862999743873],
[-98.451149999890447,26.222151000226638],
[-98.450822999652303,26.222420000103519],
[-98.450538999970163,26.22262600013385],
[-98.450251999914983,26.222829000378027],
[-98.450004000217859,26.223010000249346],
[-98.449718999812518,26.223201999831723],
[-98.449372000381217,26.223446000354716],
[-98.448973999997932,26.223666999597334],
[-98.448898999654872,26.223709000051315],
[-98.448482999728256,26.223883999765057],
[-98.447988999983863,26.224049000175022],
[-98.447441999637661,26.224197000070102],
[-98.446720000287641,26.224328000321055],
[-98.445735000273544,26.224471000358911],
[-98.445449999868188,26.22448400035362],
[-98.445165000361158,26.224471000358911],
[-98.444867000435323,26.224451999992056],
[-98.444561000113566,26.224395999741102],
[-98.444346000028403,26.224327000258192],
[-98.444137999615933,26.224257999928476],
[-98.443930000101787,26.224182999979185],
[-98.44367300018385,26.224064000347202],
[-98.443333000425227,26.223862999974472],
[-98.44302700010347,26.223666999597334],
[-98.442709000086154,26.223392999832161],
[-98.442431000251815,26.223055000356187],
[-98.442257999999441,26.222761000041931],
[-98.441999000431679,26.22237900006958],
[-98.441704999805495,26.221930999799039],
[-98.441446000237718,26.221465000259229],
[-98.441182999573684,26.221000999841529],
[-98.440898999891544,26.220508999732147],
[-98.440455000375849,26.219686000258861],
[-98.44015900009984,26.219108999967684],
[-98.439969000129025,26.218708999703669],
[-98.439810000120389,26.21837100031852],
[-98.439678999700803,26.218038999847312],
[-98.439540999608553,26.217596999706256],
[-98.439450000270284,26.21721900019724],
[-98.439328999896446,26.216918999687277],
[-98.439152000344436,26.216166999597654],
[-98.439061999932733,26.215703999946903],
[-98.438943999931979,26.215027999660069],
[-98.438882000007681,26.214696000126985],
[-98.438784999923314,26.21410099977841],
[-98.438743999915431,26.213731999969387],
[-98.438708999755349,26.213393999827392],
[-98.438675000318455,26.213031000348433],
[-98.438675000318455,26.212661000207127],
[-98.438688999663839,26.21219800030752],
[-98.438681999991161,26.211959999776383],
[-98.438702999907548,26.211647000399118],
[-98.438752000311354,26.211321999696608],
[-98.438835000152039,26.211020999925221],
[-98.438918999817616,26.210649000286217],
[-98.439031999795532,26.210343999653951],
[-98.43911899983415,26.210108999916425],
[-98.43921099989565,26.209882000395091],
[-98.439349999812833,26.209688000215397],
[-98.439440000224522,26.209582000312967],
[-98.439516000392501,26.209493999712357],
[-98.439703999815151,26.209274999723934],
[-98.43987700006754,26.209093000052988],
[-98.440043999573788,26.208942999897754],
[-98.440245000313567,26.208780999609644],
[-98.440494999660487,26.208617999704149],
[-98.440723999989359,26.208460999960085],
[-98.441022999740099,26.208285999615907],
[-98.441308000145455,26.208079999988104],
[-98.441799000415131,26.207688999934501],
[-98.44209899999079,26.207403999743978],
[-98.442397999741516,26.207122000293925],
[-98.442668999903191,26.206784999706429],
[-98.442995000316415,26.206365000289559],
[-98.443453000075834,26.205840000297965],
[-98.443759000397577,26.205379000313446],
[-98.444070999668781,26.204863000364927],
[-98.444238000073369,26.204469000088913],
[-98.444404999579646,26.204106000178417],
[-98.444494999991321,26.203792999830906],
[-98.444571999984205,26.20347399960745],
[-98.444648000152199,26.203185999647861],
[-98.444689999984988,26.202903999652015],
[-98.444731999817776,26.202621999779087],
[-98.444749000434541,26.202348999877383],
[-98.444746000061485,26.202077999843741],
[-98.444739000388793,26.201908000047936],
[-98.444725000145084,26.201783000276798],
[-98.444663000220814,26.201595000239326],
[-98.444572999809125,26.201433000203647],
[-98.444440999564662,26.201244999601055],
[-98.444301999647479,26.20104400011299],
[-98.444163999555215,26.200831000324939],
[-98.44401799996534,26.20060000018249],
[-98.443817000123886,26.200411999846924],
[-98.443605000411779,26.200258000323398],
[-98.443330999877091,26.200005000318583],
[-98.443102000446544,26.199734999939626],
[-98.442853000026204,26.199415999882209],
[-98.442569000344079,26.199119000266112],
[-98.442366999779381,26.198895999785041],
[-98.442104000013671,26.198689999662399],
[-98.441882000255802,26.198513999660204],
[-98.441693999934841,26.198389000275629],
[-98.441472000176987,26.19827600016843],
[-98.441221999931741,26.19820699970666],
[-98.441027999762966,26.198156999837106],
[-98.440791999761416,26.19811300006312],
[-98.440605000163671,26.198106999946091],
[-98.440452000002793,26.198069000272532],
[-98.440292999994142,26.197974999711544],
[-98.44017499999336,26.197874999751782],
[-98.439994000243388,26.197774999706148],
[-98.439675000401166,26.197705999753545],
[-98.439405000064426,26.19760500007629],
[-98.438969000046342,26.19741900032977],
[-98.438358999950978,26.197198999899332],
[-98.437979000009364,26.197059000288373],
[-98.437462999625339,26.196865999996053],
[-98.436818000268175,26.196671000394861],
[-98.436220999693305,26.196489999861086],
[-98.435506000015934,26.196289000225697],
[-98.434889000247864,26.196101000184562],
[-98.43407699958783,26.195869000024146],
[-98.433424999659664,26.195648999889819],
[-98.432919000219698,26.195468000185826],
[-98.432418999729194,26.195310999635847],
[-98.431795000288432,26.195097999839973],
[-98.431246000292447,26.194922000051545],
[-98.430754000197837,26.194739999706627],
[-98.430274999623748,26.194501999756536],
[-98.429686000343082,26.194169999718227],
[-98.429164999936177,26.1938629995981],
[-98.428755999682267,26.193637999684139],
[-98.428271000158688,26.193337000136992],
[-98.427708999743899,26.193011000382018],
[-98.427132999983712,26.192648000219126],
[-98.426710000384418,26.192358999746929],
[-98.426259000297705,26.192077000131771],
[-98.425793999967283,26.19179499983392],
[-98.425287999628992,26.191470000138811],
[-98.424879000273393,26.191205999790945],
[-98.424484000263192,26.190914000333677],
[-98.423948999612577,26.190479999981132],
[-98.423526000013283,26.190154000291056],
[-98.423081999599276,26.18973399973126],
[-98.422623999839857,26.189263999612546],
[-98.422034999660895,26.188587999759704],
[-98.421682000381793,26.188192999666057],
[-98.421362999641246,26.187818000123531],
[-98.421147999556098,26.187530000139084],
[-98.420718000284097,26.187002999911282],
[-98.420315999702865,26.18650200013218],
[-98.419864999616166,26.185983000005528],
[-98.41949800009337,26.185656999823301],
[-98.418699999677017,26.185012000333444],
[-98.418119999718883,26.184647999831398],
[-98.417093999696917,26.18402400012555],
[-98.41659900012759,26.183757999816418],
[-98.416245000125272,26.183595000354305],
[-98.415905000366635,26.183450999665503],
[-98.415489000440033,26.183301000337469],
[-98.415142000110393,26.183225000185036],
[-98.414829999940849,26.183186999687166],
[-98.414455000022144,26.183161999755932],
[-98.413767999933867,26.183155000064421],
[-98.412929000407971,26.183186000076958],
[-98.412401000328373,26.183266999914778],
[-98.411859999829971,26.183392000210823],
[-98.411048000068249,26.183472999905415],
[-98.410154000290746,26.183454000101541],
[-98.409473999875189,26.183413999655723],
[-98.408404000370595,26.183374000002324],
[-98.407453999618284,26.183258000204287],
[-98.406523999855793,26.183124000043648],
[-98.405677999758851,26.182931000040799],
[-98.405269000403266,26.182793000243759],
[-98.404903999631969,26.18264399968357],
[-98.40429100006186,26.18237299975074],
[-98.403875000135244,26.182178999691363],
[-98.403347999880566,26.181878000364499],
[-98.402952000045431,26.181614999670746],
[-98.402627000355423,26.181388999854121],
[-98.402362999866469,26.181151000037094],
[-98.40213100006288,26.180875999724552],
[-98.401904000282158,26.180553999908696],
[-98.401741999900452,26.180198000303495],
[-98.401642000341354,26.180067000372045],
[-98.401572999846053,26.17990500022243],
[-98.40153199983817,26.179709999639169],
[-98.401545000256959,26.179533999981924],
[-98.401504000249091,26.179254000052698],
[-98.401505000073982,26.178915000147956],
[-98.40156699999828,26.178520999966189],
[-98.401726999831837,26.178094999858871],
[-98.401886999665408,26.17768200019103],
[-98.401977999902016,26.177394000146101],
[-98.402095999902784,26.177144000257936],
[-98.402220999576258,26.176905999833917],
[-98.402435999661407,26.17651200011651],
[-98.402596000393288,26.176061000080018],
[-98.402686999731586,26.175716999772856],
[-98.402769999572243,26.175353999744651],
[-98.402834000044678,26.174873999630737],
[-98.402854000136145,26.174344000349699],
[-98.402813999953182,26.173645000036345],
[-98.402664000165359,26.172673999953833],
[-98.402543999616441,26.172267999967609],
[-98.402371000262391,26.171898000118901],
[-98.402165000398085,26.171514999637846],
[-98.401914000327892,26.171093999907725],
[-98.401664000082647,26.170745999781658],
[-98.401331999821622,26.170395000263447],
[-98.401103000391089,26.170176000125181],
[-98.400867000389525,26.169999999778533],
[-98.400631000387989,26.169905999951766],
[-98.400354000378556,26.169881000396781],
[-98.400034999638009,26.169899000270444],
[-98.39972199964356,26.169993000102806],
[-98.399375000212245,26.170118000122766],
[-98.399027999882605,26.170274000230542],
[-98.398715999713062,26.170404999880766],
[-98.398384000350376,26.170504000318854],
[-98.397994000363028,26.170530000265217],
[-98.397612999698197,26.170473999877338],
[-98.39732200034338,26.1703789999065],
[-98.396863999685664,26.170129000292242],
[-98.395964000060388,26.169594000155183],
[-98.395032999574653,26.168974999942833],
[-98.394103999637068,26.168274000212318],
[-98.393444000211289,26.167784000131768],
[-98.392783999887214,26.167213999701499],
[-98.392465000044993,26.166850000053905],
[-98.392086999753218,26.166437999808402],
[-98.391738999598672,26.165964999991985],
[-98.391304000303791,26.165397999633736],
[-98.391045999662623,26.165023999883548],
[-98.39084700036932,26.164753000106298],
[-98.390674000116945,26.164439999651311],
[-98.390464000054649,26.164013999691559],
[-98.390144000387522,26.163294000105832],
[-98.389669999836286,26.162273000147813],
[-98.389448999903337,26.161797000183778],
[-98.38925499973459,26.161364999849322],
[-98.389060999565828,26.16098899965942],
[-98.388776999883703,26.160455999933777],
[-98.388463999889254,26.159873999831262],
[-98.388251000352227,26.159548000004001],
[-98.388049999612463,26.159229000394191],
[-98.387821000181916,26.158915999628324],
[-98.387483999898038,26.158514000212882],
[-98.387149000162267,26.158176000302245],
[-98.386857999909139,26.157894000223777],
[-98.386489999663112,26.157656000015972],
[-98.385463999641146,26.157223999665295],
[-98.384873999637264,26.157013999913666],
[-98.3842579996941,26.156833999710532],
[-98.383876000102688,26.156771000339816],
[-98.383369999764398,26.156746000388125],
[-98.382614000079158,26.156727000260016],
[-98.381954999579989,26.15670099965525],
[-98.38117100030567,26.156724999779513],
[-98.38029000004866,26.156831000202029],
[-98.379603999785303,26.156934000216037],
[-98.378284999860369,26.157042000117421],
[-98.377299000021367,26.157210000392404],
[-98.376750999850273,26.157284999933111],
[-98.376237999839304,26.157360000231922],
[-98.375343000236896,26.157495999833692],
[-98.374991999709309,26.157539999623491],
[-98.37426699998619,26.157604000021099],
[-98.373516000323846,26.157591999646865],
[-98.372768000136219,26.157581999737218],
[-98.371807000411565,26.157523999921764],
[-98.371097999683684,26.157505999750747],
[-98.370890999994444,26.157488000383236],
[-98.370253000310001,26.157442999936595],
[-98.369473000335304,26.157422000259785],
[-98.369049999837699,26.157412000335533],
[-98.368670999721019,26.157412000335533],
[-98.368095999785751,26.157451000196456],
[-98.367316999635975,26.157543999750171],
[-98.366762999617109,26.1576640002612],
[-98.36640500031514,26.157751999697471],
[-98.366036000244193,26.157899000165326],
[-98.365635000386206,26.158094000138121],
[-98.365341999584913,26.158278999935057],
[-98.365093000062899,26.158484999734135],
[-98.364897000244298,26.158748000197576],
[-98.364727000364994,26.159033999899759],
[-98.36455999996042,26.159404000250245],
[-98.364452000005372,26.159775000044338],
[-98.3643540000961,26.160097999812709],
[-98.364287000148948,26.160393999905889],
[-98.364243999592944,26.160812000158284],
[-98.364221999851623,26.161115000261219],
[-98.364210999980969,26.161506000212754],
[-98.364210999980969,26.161800000370871],
[-98.36419699973726,26.162043999741908],
[-98.364242999768024,26.162327999847406],
[-98.364317000286178,26.162613999640858],
[-98.364395999928888,26.162956000339438],
[-98.364523999975404,26.163489999707704],
[-98.364620000234879,26.163736999711837],
[-98.364728000189913,26.163991000035551],
[-98.364847000015601,26.164255999723302],
[-98.365025000290828,26.164530999736272],
[-98.365216999911453,26.164804000371326],
[-98.365437000019483,26.165064999955653],
[-98.365734999945317,26.165410999773769],
[-98.366126999582477,26.165744000076412],
[-98.366417000010699,26.165998000060178],
[-98.366596999935751,26.166213999909484],
[-98.366817999868687,26.166457999720866],
[-98.36706700028904,26.166762000225471],
[-98.367228999772436,26.167084999994021],
[-98.367336999727456,26.167495999821302],
[-98.367380000283489,26.167818999975459],
[-98.367357999643858,26.168101999984202],
[-98.36730300029059,26.168376000058995],
[-98.367227000122611,26.168611000148715],
[-98.367085999657291,26.168845000031617],
[-98.366923000349004,26.169059999713355],
[-98.366657000210211,26.169294000307669],
[-98.366217999819071,26.169559000038063],
[-98.365795000219762,26.169733999712406],
[-98.36542600014883,26.169890000333968],
[-98.364938000252195,26.170037000015466],
[-98.364482999967535,26.170222000217816],
[-98.364134999812975,26.170456999811876],
[-98.363810000122967,26.170711000010382],
[-98.363441000052021,26.170974000315191],
[-98.363082999851741,26.171248000090671],
[-98.362584000084468,26.171608999779806],
[-98.36211700010422,26.171923999754423],
[-98.361563999910274,26.172156000028373],
[-98.361216999580634,26.172283000361599],
[-98.360870000149319,26.172390000052477],
[-98.36036700018407,26.172523999654981],
[-98.360034999923059,26.172565000314801],
[-98.35965699963127,26.172523999654981],
[-98.359331000116342,26.172417999789619],
[-98.359096999764631,26.172234000357346],
[-98.358798999838797,26.171890000043845],
[-98.358506999760749,26.171553999620176],
[-98.358317999614854,26.171181999691644],
[-98.358156999956378,26.170864000177101],
[-98.35787699957389,26.170254000166366],
[-98.35775100007551,26.16995099962099],
[-98.357622000204088,26.169511000228898],
[-98.35751400024904,26.169119999703796],
[-98.357438000081046,26.168727999745769],
[-98.357373999608654,26.168249000307416],
[-98.357330999950932,26.167690999874132],
[-98.357331999775852,26.167260999903206],
[-98.357365000286123,26.166772000154342],
[-98.357427000210421,26.16611400010364],
[-98.357667000409919,26.165064000190068],
[-98.357790000433567,26.164561999864151],
[-98.357963999612537,26.164052999763921],
[-98.358237000322319,26.163124000159691],
[-98.358444000011559,26.162322000306563],
[-98.358531000050192,26.161891999889662],
[-98.358552999791499,26.161558999876412],
[-98.35858600030177,26.161119000265309],
[-98.358597000172423,26.160640000212663],
[-98.358597999997343,26.160200000360028],
[-98.358597999997343,26.159769000372219],
[-98.358500999912962,26.159348999978217],
[-98.358372000041527,26.158927999866364],
[-98.358134000390152,26.158292000062279],
[-98.357993999749752,26.158028000357497],
[-98.357787999885446,26.157665000090255],
[-98.357571999975377,26.157342000035609],
[-98.357366000111043,26.157048999764143],
[-98.35704200024594,26.156628000221303],
[-98.356781999954933,26.156246000229245],
[-98.356585000311441,26.155991999972816],
[-98.356468000135578,26.15578599980314],
[-98.356316999624539,26.155590000157314],
[-98.356165000186877,26.155394000182266],
[-98.355589000426704,26.154560000185992],
[-98.355136999616775,26.153916000257539],
[-98.354661000314024,26.153230999814308],
[-98.354195999983617,26.152565000190378],
[-98.353763000338574,26.152045999769459],
[-98.353416999833854,26.151693999731695],
[-98.353113999885139,26.151448999795686],
[-98.352918999891472,26.151262999767344],
[-98.352713000027151,26.151144999699717],
[-98.352528999904123,26.151086999909747],
[-98.352148999962537,26.15110600014998],
[-98.351758999975189,26.151154000276236],
[-98.351434000285181,26.151212999917256],
[-98.350946000388561,26.15132000039279],
[-98.350393000194586,26.151543999864828],
[-98.350002000382347,26.151818000131879],
[-98.349676999794042,26.152070999921907],
[-98.349435999769597,26.152375999898855],
[-98.349296999852427,26.152549999679255],
[-98.349148999714416,26.15281100007287],
[-98.34900399994946,26.153069000277444],
[-98.348814999803565,26.153363999793566],
[-98.348706999848545,26.153664000299582],
[-98.348589999672683,26.154182999974367],
[-98.348578999802015,26.154573999776861],
[-98.348610999589084,26.154799000112739],
[-98.348622000358034,26.155014999736697],
[-98.348643000274436,26.155209999692051],
[-98.34867500006149,26.155395999879243],
[-98.348740000358816,26.155738999815259],
[-98.348694000328067,26.156022000108099],
[-98.348750000404564,26.156306000361475],
[-98.348759999552001,26.156707000291512],
[-98.348757000077256,26.15716400000521],
[-98.34874100018375,26.157815999978769],
[-98.348730000313083,26.158451999959123],
[-98.348740000358816,26.158891999954832],
[-98.348717999719199,26.159283000101336],
[-98.348684000282333,26.159860000070132],
[-98.348639999901394,26.160310000075651],
[-98.34859600041878,26.16090699986017],
[-98.348562999908509,26.161229999719033],
[-98.348541000167188,26.161610999720807],
[-98.348454000128555,26.161923999705291],
[-98.34831299966325,26.162285999829948],
[-98.348214999753949,26.162598999615572],
[-98.34809500010337,26.162920999842523],
[-98.347974999554452,26.163214999658948],
[-98.347844999858097,26.163557000207724],
[-98.347702999567872,26.163908999928029],
[-98.347551000130238,26.16425100005425],
[-98.347409999664919,26.164515000187198],
[-98.347203999800598,26.164798999919476],
[-98.347007999982026,26.165071999927196],
[-98.346802000117691,26.165317000278968],
[-98.346627000215491,26.1655539996062],
[-98.346186999999446,26.16597400023139],
[-98.345737999562559,26.166322999842045],
[-98.345306999567342,26.166613999887836],
[-98.3447969999294,26.166863999782251],
[-98.344449999599775,26.166991999985143],
[-98.344133000305689,26.167084000245751],
[-98.343743000318341,26.167162999684212],
[-98.343363000376741,26.167200999762454],
[-98.343006000001367,26.167193000171363],
[-98.342626000059767,26.16717000033605],
[-98.342267999859487,26.167052999981987],
[-98.341996999697827,26.166955000394459],
[-98.341727000259411,26.166895999846155],
[-98.341422999587479,26.166885000177931],
[-98.340849000375428,26.166865000338674],
[-98.340035999890489,26.166824999843698],
[-98.33934200012952,26.166775000213462],
[-98.338517999773913,26.166695999705901],
[-98.33795500043253,26.166616999951053],
[-98.337455999766917,26.166509000046513],
[-98.337023000121889,26.166420999960735],
[-98.336503000438213,26.166243999834517],
[-98.33611299955254,26.166087000221975],
[-98.335744000379918,26.16589100014717],
[-98.335463000172524,26.165724000041475],
[-98.335268000178857,26.165576999760205],
[-98.334997000017196,26.165372000155536],
[-98.334694000068509,26.165057999983691],
[-98.33445600041712,26.164794000273695],
[-98.334196000126127,26.164490000282669],
[-98.333957999576455,26.164156999624414],
[-98.333719999925066,26.163736999711837],
[-98.333569000312337,26.16331600011868],
[-98.333440000440902,26.162816999686125],
[-98.333305999648275,26.162281000076433],
[-98.333225000355739,26.161779999659593],
[-98.333170000104161,26.16130999969565],
[-98.333158000408588,26.161027000136805],
[-98.333145999814718,26.160714000164116],
[-98.333150999837585,26.160018999619975],
[-98.333227999830498,26.159373000363974],
[-98.333348000379388,26.158865000013883],
[-98.333478999900649,26.158483000090108],
[-98.333596999901431,26.158134000402367],
[-98.333853999819368,26.157629999618276],
[-98.334164000339072,26.157105000148089],
[-98.334477000333521,26.156604000077092],
[-98.334913000351619,26.155941999730199],
[-98.335238999866547,26.155560999758031],
[-98.335565000279786,26.155238000328769],
[-98.335847000312086,26.154984000296785],
[-98.336117999575421,26.154799000112739],
[-98.336346000079359,26.154651999770415],
[-98.336670999769396,26.154437000137467],
[-98.337050999710968,26.154143999827347],
[-98.337637000415214,26.153643999806047],
[-98.338126000136754,26.153127999756524],
[-98.338353999742381,26.152805999913262],
[-98.338495000207701,26.152571000233035],
[-98.338593000116973,26.152386000254719],
[-98.338658000414327,26.152189999735452],
[-98.338701999896927,26.151905999945772],
[-98.338680999980554,26.151592999692035],
[-98.338562000154838,26.151191999925455],
[-98.338422000412763,26.150780999901031],
[-98.338291999818111,26.150370000041768],
[-98.338130000334715,26.14990000007267],
[-98.337978999823662,26.149439999625368],
[-98.337805999571316,26.149019999947338],
[-98.337700000164403,26.148816000180389],
[-98.337547000003539,26.148524000178089],
[-98.337362999880526,26.148236999800798],
[-98.337146999970457,26.147914000257188],
[-98.33685499989241,26.14754199992484],
[-98.336616000416129,26.147306000209127],
[-98.336399999607735,26.147100999945767],
[-98.336108000427998,26.146806999840358],
[-98.33587999992406,26.146607999856162],
[-98.335706999671686,26.146474000315884],
[-98.335274000026644,26.146238999980373],
[-98.334928000420234,26.146013000144727],
[-98.334581000090608,26.14582700032279],
[-98.334170000186873,26.145631000076971],
[-98.333981999865898,26.145570000167822],
[-98.333714999902185,26.14548400028141],
[-98.33329200030289,26.145366000015354],
[-98.332771999720904,26.145267000014478],
[-98.332247000014348,26.145233999726713],
[-98.331547000405621,26.145184999648759],
[-98.330865000340225,26.145138000229419],
[-98.329758999952304,26.145048000276187],
[-98.329282999751243,26.144970000314363],
[-98.328871000022602,26.144891000361923],
[-98.328393999996635,26.144752999898227],
[-98.328004000009273,26.14459600039358],
[-98.327679000319264,26.144449000100963],
[-98.327367000149735,26.144213999720403],
[-98.327046999584297,26.143864000146738],
[-98.326921999910809,26.14365599963568],
[-98.326835999697082,26.143450000268494],
[-98.326748999658449,26.143156999790722],
[-98.326738999612701,26.142892999712938],
[-98.32688000007802,26.142541000293335],
[-98.327010999599281,26.142315999709627],
[-98.327228000232552,26.142149999689099],
[-98.327476999754595,26.142042999677088],
[-98.327889000381546,26.141886999717485],
[-98.328343999767895,26.14178899995672],
[-98.328810999748143,26.141720999893376],
[-98.329124999567497,26.141701999738139],
[-98.329763999975185,26.141673999885708],
[-98.330663999600461,26.141674999851745],
[-98.331411999788088,26.141686000284103],
[-98.332062000066429,26.141705999601289],
[-98.332679999659405,26.14169699990898],
[-98.333133000294239,26.141674999851745],
[-98.333616999992898,26.141623999959759],
[-98.333981999865898,26.141508999726181],
[-98.33400199995738,26.141502999921265],
[-98.334336999693122,26.141344000139867],
[-98.334596000159223,26.141199999694543],
[-98.334890999712002,26.141033999699967],
[-98.335098000299539,26.140789999940189],
[-98.335287000445433,26.140554000282286],
[-98.335423999814466,26.140321000080252],
[-98.335510999853099,26.140105999851649],
[-98.335576000150425,26.139860999783632],
[-98.335631000402017,26.139567999975203],
[-98.335663000189072,26.1393529999728],
[-98.335684999930365,26.139058999707462],
[-98.335685999755299,26.138864000184665],
[-98.335643000097591,26.138618999929697],
[-98.335566999929611,26.138413999732723],
[-98.335416000316883,26.138130000293156],
[-98.335197000033759,26.137764000229499],
[-98.334677000350069,26.136913999947762],
[-98.334452000219173,26.136643000205055],
[-98.334280999616638,26.136367999787506],
[-98.334053000010996,26.136211000296843],
[-98.333981999865898,26.136139000156753],
[-98.333858000017329,26.136015000035428],
[-98.333695999635623,26.135828999606563],
[-98.33361000032022,26.135672000197665],
[-98.333545000022866,26.135437999911229],
[-98.333382999641188,26.135162999881683],
[-98.333176999776853,26.134820999985465],
[-98.332746999606556,26.134134000322192],
[-98.332421000091614,26.133568000165685],
[-98.332117000318007,26.133054000157443],
[-98.331783000407171,26.132490999739645],
[-98.331479999560159,26.132080000002706],
[-98.331188000380408,26.131658999914631],
[-98.330852999746341,26.131296999951076],
[-98.330606999699057,26.130959000255491],
[-98.330268999590245,26.13050399967894],
[-98.329912000113183,26.130023999719636],
[-98.329517000102967,26.129523999613475],
[-98.329096999978404,26.129084000201324],
[-98.328686999899588,26.128623999996865],
[-98.328213000246649,26.128056000393894],
[-98.327964999651215,26.127780999918965],
[-98.327758999786894,26.127576000052937],
[-98.327552999922574,26.127408999959073],
[-98.32736899979956,26.127251999715863],
[-98.327110000231798,26.12700800019314],
[-98.32688000007802,26.126787999988206],
[-98.32670699982566,26.126533000057105],
[-98.32651699985486,26.126253999637097],
[-98.326341999952675,26.125890999758294],
[-98.326157999829647,26.125598000386553],
[-98.325865999751599,26.1251670000578],
[-98.325726000009524,26.124902999634415],
[-98.325575000396782,26.124647999621374],
[-98.32544499980213,26.124345000020963],
[-98.325337999672016,26.124021999711971],
[-98.325186000234368,26.123688999729548],
[-98.325078000279319,26.123404999970706],
[-98.324946999859748,26.12305400000503],
[-98.324754000414231,26.12264200000293],
[-98.324386999993095,26.12206399981817],
[-98.324330999916612,26.121984000365558],
[-98.323827999951362,26.121248999907184],
[-98.323165000152557,26.120389999893508],
[-98.322710999692788,26.119841999614597],
[-98.322256000306439,26.119245000321602],
[-98.322017999756739,26.118990000058744],
[-98.32175900018899,26.118745000057025],
[-98.321293999858568,26.118334000352359],
[-98.32087100025926,26.118039999606161],
[-98.320340999631526,26.117666999915958],
[-98.319929999727805,26.117403000291517],
[-98.319463999572477,26.117099000278536],
[-98.319052999668742,26.116872999703347],
[-98.31865199981074,26.116656999687379],
[-98.31831700007497,26.116491000300012],
[-98.317916000216997,26.116344000120925],
[-98.317526000229662,26.116226000254919],
[-98.317147000112968,26.116147000216479],
[-98.316670000087001,26.116057999884635],
[-98.316172000144618,26.115999000225436],
[-98.315685000072904,26.115959000043109],
[-98.31442800007224,26.115927999912532],
[-98.313539000317618,26.115917000280515],
[-98.313052000245904,26.115868000000713],
[-98.312745999924161,26.11582899996084],
[-98.312467000264903,26.11574900027269],
[-98.312135000003877,26.115651000358241],
[-98.311785000199507,26.11551400021666],
[-98.311351999656154,26.115307999607289],
[-98.310887000224056,26.115023999644119],
[-98.310297000220174,26.114563999739268],
[-98.310005000142112,26.114281999982648],
[-98.309739000003347,26.113975000114777],
[-98.309555999705239,26.113711000216743],
[-98.309426000008884,26.113465999634307],
[-98.309296000312557,26.113221000151604],
[-98.309189000182442,26.112966999862579],
[-98.309107000166676,26.112673000134514],
[-98.309056999937951,26.112413999991915],
[-98.309060000311007,26.112214000068398],
[-98.309063999610657,26.11195899979062],
[-98.309067999808619,26.111714999791641],
[-98.30907100018166,26.111522999659204],
[-98.30907200000658,26.11134300030734],
[-98.309029000348858,26.111108000265826],
[-98.308899999579126,26.110717000107517],
[-98.308759999837037,26.110374000203869],
[-98.308500000444369,26.109825999746349],
[-98.308342000260609,26.109459000300006],
[-98.308188000274811,26.109052999820769],
[-98.308006999626528,26.108373999873933],
[-98.307866999884453,26.107879999809235],
[-98.307739999662843,26.107440000368342],
[-98.30764900032456,26.107065999662638],
[-98.307614999989369,26.106732999765896],
[-98.30760699959346,26.10640099999539],
[-98.307563999935752,26.106126999649714],
[-98.307466999851385,26.105715999943907],
[-98.307347000200764,26.105374000165003],
[-98.307076999864037,26.104734000353762],
[-98.306686999876703,26.104153999767902],
[-98.306167000193014,26.103584000033219],
[-98.305696999839725,26.103143999753105],
[-98.305147000018835,26.102753999880836],
[-98.304466999603264,26.102353999715593],
[-98.303833000116754,26.102120999962871],
[-98.303388999702747,26.102061999723308],
[-98.30298799984476,26.102013000089642],
[-98.302555000199703,26.101972999961916],
[-98.302012999876396,26.101942999655446],
[-98.301341999681668,26.10191199984159],
[-98.300821999997993,26.101903999810236],
[-98.300426999987778,26.101903999810236],
[-98.299878999816684,26.10194000035041],
[-98.29956499999733,26.101987999708918],
[-98.299236999934266,26.102043999876731],
[-98.298948000229274,26.102145000010776],
[-98.298632999686689,26.102260999769562],
[-98.298426999822382,26.102388000319309],
[-98.298231000003781,26.102543999783176],
[-98.297993000352392,26.102788000368243],
[-98.297791999612627,26.103069000126908],
[-98.297666999939182,26.103285999731099],
[-98.297536000417921,26.103560000280638],
[-98.297394999952601,26.103873000196405],
[-98.297319999609527,26.104142000354056],
[-98.297276999951833,26.104463999660059],
[-98.297317000134811,26.10471499982939],
[-98.297403000348538,26.105066000017505],
[-98.297539999717557,26.105256999989763],
[-98.29777099969624,26.105477999863961],
[-98.298020000116594,26.105605000146525],
[-98.298236999851568,26.105723000247359],
[-98.298450000286905,26.105829999647916],
[-98.298612999595207,26.105865999786094],
[-98.298778000349955,26.105889999872065],
[-98.298923999939831,26.105867000058648],
[-98.299246999980014,26.105803999810124],
[-98.299633999594306,26.105764000172485],
[-98.299927000395598,26.105773999679844],
[-98.300211000077709,26.105808000095777],
[-98.300509000003544,26.105868999797099],
[-98.300861000356036,26.105966999845677],
[-98.301093000159639,26.106064999812133],
[-98.301591000102022,26.1063350000356],
[-98.301902000446631,26.106556000292279],
[-98.302186000128771,26.106812999977823],
[-98.302457000290417,26.107143999930098],
[-98.302685999720964,26.107474000299828],
[-98.303009999586052,26.108097999611772],
[-98.303294000166503,26.108636000034355],
[-98.303402000121537,26.108966999665459],
[-98.303495999832876,26.109273000342881],
[-98.303562999780027,26.109615000009828],
[-98.30360299996299,26.109994000200878],
[-98.303561999955107,26.110348999997516],
[-98.303520000122319,26.110679000193624],
[-98.303452000350262,26.110935000266327],
[-98.303342999671983,26.111204000308952],
[-98.303221000371565,26.11146100026329],
[-98.303027000202803,26.111733999985066],
[-98.302771000109772,26.112049000236837],
[-98.302506999620817,26.11237400019591],
[-98.302229999611384,26.112658000145025],
[-98.30193199968555,26.112926000043622],
[-98.301579000406434,26.113279999599868],
[-98.301186999870978,26.113664000230425],
[-98.301036000258222,26.113878999927532],
[-98.300832999868646,26.114183999644741],
[-98.300697000324519,26.114465000245463],
[-98.300519999874197,26.114818999980294],
[-98.30037099991128,26.115161999746505],
[-98.300256000283554,26.115486999922556],
[-98.300192999636039,26.115918999847054],
[-98.300165000046945,26.116285999982939],
[-98.300109999795367,26.116763000193217],
[-98.300095999551672,26.117093000026216],
[-98.300027999779601,26.117349999937591],
[-98.299905999580886,26.117605999918251],
[-98.299727000379036,26.117873999763489],
[-98.299525999639272,26.11812299984237],
[-98.299390000095158,26.11829000030421],
[-98.299016999826236,26.118643999745466],
[-98.298652999778184,26.118946000257584],
[-98.29819699966859,26.119323999878926],
[-98.297911000336654,26.119571999939243],
[-98.297640000175008,26.119742999752305],
[-98.297369000013333,26.119900999753348],
[-98.297111000270476,26.120036000095499],
[-98.296650000138044,26.120254999960338],
[-98.296175999586779,26.120413000075679],
[-98.295728999698042,26.120558999828987],
[-98.295228000280929,26.120680999935932],
[-98.294726999965519,26.120763999909453],
[-98.293981000326028,26.12087499983048],
[-98.293629999798441,26.120907999743054],
[-98.293263000275616,26.120946999701072],
[-98.292802999968089,26.120946000364114],
[-98.292422000201583,26.120906000261897],
[-98.291736999763145,26.120873999686321],
[-98.291232000148071,26.120834000366049],
[-98.290766999817649,26.120754000071251],
[-98.290367999609501,26.120651999736943],
[-98.289918000246004,26.120513999664833],
[-98.2894179997555,26.120280999810216],
[-98.288836000147541,26.119999000136737],
[-98.288127000317985,26.119704000199018],
[-98.287508000001779,26.1194629998995],
[-98.28689999955624,26.119225999736024],
[-98.286102000038198,26.11895500008994],
[-98.285317000040664,26.118703999845241],
[-98.284227000444574,26.118314000259193],
[-98.283232000384743,26.118034000208748],
[-98.282711999802757,26.117888999890134],
[-98.282202999989721,26.117713999905725],
[-98.28174299968218,26.117543000349958],
[-98.281296999618348,26.117420000019521],
[-98.280606000230435,26.117235000000036],
[-98.280145999922908,26.117112000152012],
[-98.279776999851961,26.116994000254838],
[-98.279586000056256,26.116949000331008],
[-98.279312000419864,26.116893000043135],
[-98.278914000036607,26.116791999744159],
[-98.278186999765367,26.116553999628806],
[-98.277636999944477,26.116354000336479],
[-98.277087000123558,26.116104999714892],
[-98.276491000271889,26.115944999855056],
[-98.275908999765619,26.115834000090768],
[-98.275476000120591,26.115784000395074],
[-98.275163999951033,26.115758999732581],
[-98.274839000261025,26.115758999732581],
[-98.274446999725555,26.115793999851967],
[-98.274107999791838,26.115831000335479],
[-98.27376899985812,26.115891000266291],
[-98.273456999688591,26.115964000167473],
[-98.273137000021435,26.116094000099544],
[-98.272646999576679,26.116344000120925],
[-98.272116999847256,26.1166240001875],
[-98.271647000392292,26.116944000248775],
[-98.271156999947522,26.117423999907682],
[-98.270853000173901,26.117843000140873],
[-98.270636000438927,26.118222000270546],
[-98.270473000232315,26.118515000394513],
[-98.270241000428726,26.118991000219022],
[-98.270064999803324,26.119285000185794],
[-98.269901999596698,26.119540999960467],
[-98.269725000044687,26.119821999779536],
[-98.269536999723712,26.120113999773999],
[-98.269318000338913,26.120285999749655],
[-98.269087000360244,26.120457000131044],
[-98.268828999719062,26.120602999829341],
[-98.268557999557416,26.120724999890381],
[-98.268247000111103,26.120834000366049],
[-98.267897000306732,26.120923999623987],
[-98.267515999641901,26.120951999612011],
[-98.267081000347034,26.120967000150145],
[-98.266674999567854,26.120941999789881],
[-98.266337000357353,26.120873999686321],
[-98.266039000431547,26.120756999700181],
[-98.265862999806117,26.120597999903467],
[-98.265655000291986,26.120344000322156],
[-98.265538999941029,26.120144999600743],
[-98.265457999750168,26.119875999971601],
[-98.265378000282553,26.119521000073881],
[-98.265323999855866,26.119240999689161],
[-98.265297000091692,26.118923999947519],
[-98.265324999680786,26.118652999601089],
[-98.265353000168176,26.118383999763687],
[-98.265394000176073,26.118078999714783],
[-98.265462999773035,26.117784999940216],
[-98.26558800034482,26.117436999745017],
[-98.265717000216256,26.117173999776828],
[-98.265897999966228,26.116893000043135],
[-98.26607700006636,26.116643999763294],
[-98.266318999915711,26.116454000025421],
[-98.266590000077358,26.116319999761362],
[-98.266861000239004,26.116186000150236],
[-98.26719699979968,26.116092999914493],
[-98.267471000334368,26.116016000157668],
[-98.267863999796447,26.115930999665338],
[-98.268324000103988,26.11589500020682],
[-98.268729999984856,26.115874000315905],
[-98.269083000162283,26.115835000278068],
[-98.269516999632231,26.115737999817227],
[-98.269895999748897,26.115578999644455],
[-98.270275999690512,26.115383999639448],
[-98.270696999639981,26.115123999664412],
[-98.271006000334779,26.114858999746197],
[-98.271346999918322,26.1145670003337],
[-98.271536999889122,26.114285999978211],
[-98.271700999920654,26.114016999768591],
[-98.271837000363078,26.11376099999266],
[-98.271945000318127,26.113442999698133],
[-98.272027000333878,26.113161999866914],
[-98.272095999930869,26.112734000287052],
[-98.272096999755775,26.112342999921129],
[-98.272027000333878,26.1119739998698],
[-98.271922999678495,26.111267000067567],
[-98.271869000150133,26.110875000211344],
[-98.271756999997137,26.110474000169187],
[-98.271668000308694,26.110079999600714],
[-98.271505999926987,26.109640000373147],
[-98.271357999788975,26.109309000227583],
[-98.271168999643081,26.108979000197436],
[-98.270952999733012,26.108660999800403],
[-98.270710000058784,26.108341999900322],
[-98.270460999638431,26.108062000160835],
[-98.270345000185785,26.107926000252824],
[-98.270166999910572,26.107608000218274],
[-98.270074999849058,26.107302000022898],
[-98.270101999613232,26.107081999825176],
[-98.270185000352214,26.106789000081339],
[-98.270279999888473,26.106653999765051],
[-98.270387000018587,26.106523999821075],
[-98.27063499971571,26.106384999739674],
[-98.27093099999172,26.106252000302195],
[-98.271285999818957,26.106183999718603],
[-98.271666999585463,26.106133999928563],
[-98.272013999915103,26.10610699988786],
[-98.27236600026761,26.10610699988786],
[-98.272880999928404,26.106132999658261],
[-98.273767000208309,26.106213999743655],
[-98.274722000085163,26.106368000020158],
[-98.275264000408484,26.106466999917945],
[-98.275826999749853,26.106623999852857],
[-98.276236000003763,26.106768000167854],
[-98.276537000302653,26.106873999961461],
[-98.277118000085693,26.107130000299588],
[-98.277564999974445,26.107276999966274],
[-98.278052000046173,26.107412999822554],
[-98.278580000125757,26.10755999994009],
[-98.27915699971085,26.107674000266154],
[-98.279586000056256,26.107731999837455],
[-98.279746999714746,26.107753999834209],
[-98.280203999649217,26.107819000350453],
[-98.28071900020835,26.10784499974017],
[-98.281166000097102,26.107857999836185],
[-98.281612999985853,26.107834000154195],
[-98.282127999646647,26.107797999815322],
[-98.282628999962071,26.107749999615116],
[-98.283075999850809,26.107677000230773],
[-98.28352299973956,26.107555999714343],
[-98.283889000335776,26.107446000309526],
[-98.284336000224528,26.10732500036066],
[-98.284866999778856,26.107194000094886],
[-98.285378999964934,26.107095000005998],
[-98.285974999816588,26.10702099995002],
[-98.286517000139909,26.106863000284168],
[-98.287019000280225,26.106692999639396],
[-98.287586999644489,26.106444000218062],
[-98.287872999874764,26.106303000310579],
[-98.288166999602623,26.106114000167903],
[-98.288374000190174,26.105974000134104],
[-98.288523999978011,26.105777999966531],
[-98.288631999933031,26.105546000051461],
[-98.288672999940928,26.105363000346568],
[-98.28866000042045,26.105240000106242],
[-98.288605999993763,26.10508100017444],
[-98.288539000046612,26.104946999779905],
[-98.288416999847897,26.104774999818993],
[-98.288215000181523,26.104457000087919],
[-98.288119999746968,26.104334999986918],
[-98.287998000446535,26.10420000006404],
[-98.287754999873982,26.104029000099302],
[-98.287483999712336,26.103820000161324],
[-98.287246000060961,26.103662000203471],
[-98.286916000348072,26.103428000343371],
[-98.286727000202177,26.103231999941592],
[-98.28629500038204,26.102839999765873],
[-98.286065000228291,26.102620000046443],
[-98.285794000066645,26.102326000112619],
[-98.285295000299357,26.101725999979248],
[-98.28513200009273,26.101541999633508],
[-98.284875000174779,26.10132199989231],
[-98.284476999791508,26.101034000192332],
[-98.284225999721357,26.100855999843866],
[-98.283901999856269,26.100671999742723],
[-98.283577000166233,26.100536999624673],
[-98.28314399962288,26.100377999751913],
[-98.282317999617433,26.100168999742579],
[-98.281383999656995,26.099935000153533],
[-98.280546999780896,26.099754000384717],
[-98.279921999616903,26.099590000236429],
[-98.279586000056256,26.099509000403],
[-98.279258999818097,26.099430000362013],
[-98.278536999569752,26.099284000033546],
[-98.277737000401899,26.099143999889982],
[-98.277147000398017,26.099011000284076],
[-98.276547000348387,26.098703999845981],
[-98.275996999629157,26.098414000287068],
[-98.275497000036978,26.098041999627668],
[-98.275050999973132,26.09768700038255],
[-98.274563999901417,26.097246000158346],
[-98.274105000317107,26.096866000248674],
[-98.273726000200412,26.096523000051405],
[-98.273236999580561,26.096143999762194],
[-98.272834000072748,26.095813000137682],
[-98.272305999993137,26.095482000383335],
[-98.271920000203764,26.09525999981128],
[-98.271507999576812,26.095028000006106],
[-98.271166999993255,26.094846999904657],
[-98.270832000257514,26.094672000119747],
[-98.270182999804078,26.094256000248631],
[-98.269764000402745,26.093973999917466],
[-98.269344000278181,26.093704000199288],
[-98.268887000343682,26.093394000023309],
[-98.268006000086672,26.092784999823035],
[-98.267708000160837,26.092575999961568],
[-98.26735699963325,26.092295000003279],
[-98.267064999555188,26.091952000118507],
[-98.266867000086805,26.091663999937275],
[-98.266709999727965,26.091456999671642],
[-98.266559999940114,26.091216999630149],
[-98.266349000052926,26.090877999801691],
[-98.266181999648353,26.090618000195878],
[-98.266066000195721,26.090339999978184],
[-98.265927000278552,26.090084000000324],
[-98.265831999843982,26.089712000282201],
[-98.265764999896831,26.089381999815583],
[-98.265685000429201,26.088867999919426],
[-98.265672000010412,26.088354999801371],
[-98.265687000079026,26.087890000157369],
[-98.26571499966812,26.087412999955923],
[-98.265661000139758,26.087059000355907],
[-98.265554000009658,26.086667000037103],
[-98.265405999871632,26.086336999858005],
[-98.265117000166626,26.085963999887255],
[-98.264717000133558,26.085491999717036],
[-98.264324999598074,26.085074999835726],
[-98.263810999762171,26.084671000335003],
[-98.263500000315872,26.084449999876192],
[-98.263107999780388,26.084242000107285],
[-98.262553999761508,26.083922999766774],
[-98.261846999581778,26.083653999909188],
[-98.261247000430458,26.083433999608051],
[-98.260797000168679,26.083267999855259],
[-98.260669000122149,26.083213999700231],
[-98.26010500005755,26.083013999865248],
[-98.259265999633328,26.082657999733005],
[-98.258116999587685,26.082124000328253],
[-98.257487000299164,26.081814000133356],
[-98.256697000278749,26.081454000073869],
[-98.2554069997678,26.080934000364195],
[-98.254497000096791,26.080563999970952],
[-98.253558000113443,26.080086999764099],
[-98.253296999997545,26.079954000280068],
[-98.252572000274441,26.079539000221001],
[-98.25208400037782,26.079191999674098],
[-98.25176700018541,26.078929000029945],
[-98.251506999894417,26.078643999975508],
[-98.2513579999315,26.07843799977876],
[-98.251253000349521,26.078175000054404],
[-98.251227000410239,26.077960000080079],
[-98.251240999755652,26.077554000005001],
[-98.25129500018231,26.077137999795184],
[-98.251362000129461,26.076670999726446],
[-98.25140300013733,26.076253000168773],
[-98.251417000381053,26.075799000228642],
[-98.25140399996225,26.075381999704696],
[-98.251378999847901,26.07489199963884],
[-98.25134000038814,26.074568999898407],
[-98.25124800032664,26.074210999624633],
[-98.251007000302224,26.073774000259132],
[-98.250736999965483,26.073444000041487],
[-98.250466999628742,26.073103999822592],
[-98.25019399981727,26.072775999634597],
[-98.249956000165881,26.072549000002248],
[-98.249665999737658,26.072345999634791],
[-98.249349000443559,26.072141999968348],
[-98.249084999954604,26.072022000378283],
[-98.248797000074518,26.071904000177273],
[-98.248447000270147,26.07183400028908],
[-98.247975000267047,26.071768999951964],
[-98.247643999830942,26.07180500008106],
[-98.247326999638531,26.071875999742879],
[-98.246985000230083,26.071930000286482],
[-98.246664999664645,26.071981999680652],
[-98.246413999594466,26.072029000277052],
[-98.245938000291716,26.072160000380393],
[-98.245659999559066,26.072279000076243],
[-98.245342000440047,26.072468999760325],
[-98.245103999890375,26.072613000156391],
[-98.244653999628568,26.07289800036779],
[-98.244287000105757,26.073163999885484],
[-98.243727000239119,26.073565000336853],
[-98.243236999794334,26.073921999619408],
[-98.242777000385118,26.074203999856305],
[-98.242296999986081,26.074444000089471],
[-98.241696999936465,26.07466400034172],
[-98.241106999932597,26.074833999923435],
[-98.240484000316755,26.075003000335641],
[-98.239769999565993,26.075180999670504],
[-98.239069000132346,26.07529899979664],
[-98.238407000158446,26.075404000137095],
[-98.237686999559912,26.075504000143265],
[-98.237257000287912,26.075559000352317],
[-98.236847000209082,26.075618000239771],
[-98.236251000357427,26.075735999925463],
[-98.235694999790425,26.075851000325279],
[-98.235037000014472,26.076023999766772],
[-98.234174000199118,26.076233000140931],
[-98.233591999692834,26.076364000382156],
[-98.232996999666099,26.076544000308214],
[-98.232512999967426,26.076675000201444],
[-98.231978000215136,26.076802000284477],
[-98.23159499990048,26.07689699972277],
[-98.231157000232571,26.076974000221721],
[-98.230615999734184,26.077061999922996],
[-98.23001700040777,26.077143999676814],
[-98.229372999977215,26.077203000379264],
[-98.228737999767503,26.07726299995538],
[-98.228168999680022,26.077285000034333],
[-98.227639999775491,26.077307000109126],
[-98.227191000236928,26.077318000144981],
[-98.226608999730672,26.077293000135352],
[-98.226007000031217,26.077263999665661],
[-98.225380000217413,26.077215000135567],
[-98.224666000364977,26.077145999906268],
[-98.223991999797192,26.077061000211],
[-98.223384000249965,26.076988999946231],
[-98.222843999576469,26.07690199990342],
[-98.222299999603337,26.076806999662278],
[-98.221493999689415,26.076627000140558],
[-98.220806999601137,26.076433999982854],
[-98.220265000176155,26.076242000032867],
[-98.219815999739268,26.076074000322638],
[-98.219340000436517,26.075893999673948],
[-98.218957000121875,26.075738000178962],
[-98.218586000401118,26.075528999728022],
[-98.218230999675555,26.075318999984002],
[-98.217941000145643,26.075126999819279],
[-98.21764700041777,26.0749140001633],
[-98.217425999586524,26.07473199988128],
[-98.217109000292439,26.074492000238436],
[-98.216741999871317,26.074169000201458],
[-98.216344000386371,26.073762000150158],
[-98.216068000201844,26.073380000341526],
[-98.21580399971289,26.072972999968403],
[-98.215540999947152,26.072638000358427],
[-98.215316999641175,26.072268000373874],
[-98.215105999753959,26.071921000063135],
[-98.214961999813923,26.071515000026608],
[-98.21474699972876,26.071044000263655],
[-98.214580000222497,26.070653999910192],
[-98.21416699977064,26.070174000361231],
[-98.213960999906305,26.069888999975547],
[-98.213605000254162,26.069566000152459],
[-98.213247999878789,26.069290000327278],
[-98.212852999868574,26.069002999842571],
[-98.212496000391511,26.068799000001086],
[-98.212046999954623,26.068560000086777],
[-98.211717000241748,26.068426999612655],
[-98.211327000254414,26.068343999616371],
[-98.210553999952424,26.068174000295933],
[-98.20997300016937,26.068100999619634],
[-98.209364999723832,26.06806400017695],
[-98.208676999810663,26.068015000024676],
[-98.208069000263421,26.067906000353471],
[-98.207567000123092,26.067798000371923],
[-98.207209999747732,26.067714000138086],
[-98.206827000331387,26.067617000119753],
[-98.206510000138977,26.067484999982351],
[-98.20614100006803,26.067328999774936],
[-98.205678000285758,26.067101000277376],
[-98.205349000397803,26.06687400013497],
[-98.205193999688788,26.066752000388561],
[-98.204657000286673,26.066323999664821],
[-98.204186999933384,26.065753999636129],
[-98.203936999688125,26.065442000051167],
[-98.203661000401908,26.065054999853498],
[-98.203375999996567,26.064592999913742],
[-98.203207999767059,26.064288999839707],
[-98.203082000268694,26.064051000229224],
[-98.202776999771856,26.063353999625853],
[-98.202507000333426,26.06287400001753],
[-98.202293000073169,26.062473000080967],
[-98.202148000308242,26.062198000327186],
[-98.202000999995136,26.061866000087104],
[-98.20179699978064,26.061474000147982],
[-98.201529999816941,26.060894999658302],
[-98.201293999815377,26.060309999598282],
[-98.200978000346211,26.059641000278145],
[-98.200780999804408,26.059138999727196],
[-98.200610000100184,26.058731999900825],
[-98.20037400009862,26.058170999720353],
[-98.200123999853361,26.057572999746615],
[-98.199873999608116,26.057142999617426],
[-98.199676999964609,26.056784000264024],
[-98.199374000015922,26.056365000050327],
[-98.199031999709149,26.05587500031903],
[-98.198808000301483,26.055599999605114],
[-98.198557000231318,26.05531300028186],
[-98.198346000344131,26.055109000003707],
[-98.198043000395415,26.054857999973315],
[-98.197752999967193,26.054653999710137],
[-98.197436999599702,26.054464000182069],
[-98.197184999704632,26.054306999676999],
[-98.196854999991729,26.054127000278402],
[-98.196418999973645,26.053935000077153],
[-98.195957000016278,26.053730999821333],
[-98.195402000172507,26.053538999778361],
[-98.194857000374469,26.053353999628523],
[-98.194319000249109,26.053189999840438],
[-98.193756999834335,26.053083999845491],
[-98.193077000317075,26.053020000319801],
[-98.192575000176731,26.053043000027255],
[-98.192257000159444,26.053186000177359],
[-98.192176999793489,26.053352999714168],
[-98.192110999671243,26.053544000149156],
[-98.19197799960186,26.053878000385609],
[-98.191805000247811,26.054128000186157],
[-98.19162699997257,26.054373999830872],
[-98.191493000078282,26.054636999739419],
[-98.191339999917403,26.054939000038658],
[-98.191194000327528,26.055249000359428],
[-98.191047999839355,26.055558999860136],
[-98.190928000188748,26.05581000000311],
[-98.190781999700576,26.05605999971721],
[-98.190476000277144,26.056644000128159],
[-98.190291000329211,26.056942999639038],
[-98.190130999597329,26.057288000175156],
[-98.189970999763744,26.05774200004856],
[-98.18986399963363,26.058052000217106],
[-98.189770999747211,26.058433999984043],
[-98.189691000279595,26.058731999900825],
[-98.189651000096617,26.058922999638483],
[-98.189650000271698,26.059149999855546],
[-98.189609000263829,26.059711000190525],
[-98.1895940001952,26.060189000134464],
[-98.189539999768527,26.060702000204149],
[-98.18948600024018,26.061155999760768],
[-98.189376999561901,26.06175400000777],
[-98.189295000444474,26.062085999758278],
[-98.189226999774093,26.062364000094377],
[-98.189150999606113,26.062611999872299],
[-98.189026999757544,26.06282400028147],
[-98.188868999573813,26.063046000237794],
[-98.188707000090403,26.063274000365677],
[-98.188514999571467,26.063445999998645],
[-98.188342000217432,26.063600999901922],
[-98.188096999995039,26.063767000101961],
[-98.187836999704032,26.063943999744975],
[-98.187573999938309,26.064101000248556],
[-98.187270000164702,26.064266999740056],
[-98.186911999964408,26.064386000193259],
[-98.186528999649752,26.064468999766465],
[-98.186145000408516,26.06451600015011],
[-98.18581499979733,26.064479000381905],
[-98.185432000380999,26.064418000084292],
[-98.185106999792666,26.064314000204718],
[-98.184638999987527,26.064189999762092],
[-98.184281999612139,26.064105000346025],
[-98.183859000012845,26.063997000087564],
[-98.183423999819667,26.063804999920208],
[-98.182803999678555,26.063374000239332],
[-98.182482000361588,26.063133000084111],
[-98.182297000413655,26.062994000104005],
[-98.181776999831669,26.062573999667066],
[-98.181564000294642,26.062392000381934],
[-98.18127399986642,26.062104000101897],
[-98.180918000214263,26.061661999920169],
[-98.180693999908286,26.06137500011236],
[-98.180443999663026,26.061075999806622],
[-98.180166999653594,26.060788000326344],
[-98.179836999940704,26.060489000136453],
[-98.179573000350061,26.060273999970939],
[-98.179282999921838,26.060094000054399],
[-98.178953000208963,26.059949999599276],
[-98.178696000290998,26.05990799990396],
[-98.178606999704243,26.059894000271132],
[-98.178292000059969,26.059947999883125],
[-98.177986999563117,26.060043999938848],
[-98.17771399975166,26.060168999784246],
[-98.177418000373947,26.060340000086246],
[-98.177199999915743,26.06050099999144],
[-98.176994000051423,26.060732999636162],
[-98.17683099984481,26.060952999820984],
[-98.176675000209215,26.061293999654168],
[-98.176592000368515,26.06158300015565],
[-98.176580999599565,26.061830999972933],
[-98.176557000208419,26.062069999898846],
[-98.176579999774646,26.062344000115441],
[-98.176619000132703,26.062606999888487],
[-98.176706999996256,26.062834000230392],
[-98.176947000195767,26.063233999908167],
[-98.177475000275365,26.063563999844714],
[-98.177881000156233,26.063741999620209],
[-98.178317000174331,26.063893999658635],
[-98.178696000290998,26.064071999739628],
[-98.178996999691577,26.064214000326583],
[-98.17955699955823,26.06453400012035],
[-98.179891000367391,26.064764000213902],
[-98.180114999775071,26.064980000023859],
[-98.180346999578646,26.065334000218446],
[-98.180523000204062,26.065600999780557],
[-98.18062799978604,26.065887999725206],
[-98.180626999961135,26.066257999693057],
[-98.180576999732423,26.066554000278316],
[-98.180447000036082,26.067153999998435],
[-98.180385000111798,26.067667000230749],
[-98.180247000019534,26.068053999867598],
[-98.180144999912287,26.068454000279278],
[-98.180103999904404,26.068861000219911],
[-98.180089999660709,26.069195000365603],
[-98.180117000323193,26.069523999870164],
[-98.180088000010883,26.0701500002111],
[-98.180139000064514,26.070650999803146],
[-98.180178000422572,26.070962000272338],
[-98.180146999562126,26.071273999677015],
[-98.180175999874422,26.071618999967352],
[-98.180137000414675,26.071954000071813],
[-98.180066000269562,26.072357999888901],
[-98.179987999553433,26.072800000053455],
[-98.179775000016434,26.073337000069571],
[-98.179601999764074,26.073671000359511],
[-98.179429000410025,26.073932999973294],
[-98.179270000401374,26.074148000080758],
[-98.179031000026782,26.074374000105887],
[-98.178789000177431,26.074528000337263],
[-98.178696000290998,26.074595000222761],
[-98.178586999612747,26.074674000086642],
[-98.178313999801276,26.07481099965273],
[-98.178006999654627,26.074964000386302],
[-98.17747699992519,26.075114000120351],
[-98.177138999816378,26.075171999697019],
[-98.176777000316449,26.075233999769221],
[-98.17654299996471,26.075239999748433],
[-98.176226999597233,26.075194000168896],
[-98.17596200018167,26.075060000238224],
[-98.175711000111505,26.074879999644402],
[-98.17531600010129,26.07446099960654],
[-98.174932999786662,26.074114000146331],
[-98.174577000134491,26.073827000187844],
[-98.174300000125072,26.073622999873955],
[-98.174075999819067,26.073407999609397],
[-98.173786000289184,26.073131999963358],
[-98.17347300029472,26.072854999918867],
[-98.17295500026087,26.072282999894394],
[-98.172910999879946,26.072233999893562],
[-98.172572999771134,26.0718640002463],
[-98.172224999616589,26.071444000145927],
[-98.17183499962924,26.070859000319981],
[-98.17153300040377,26.070416000322581],
[-98.171335000037061,26.070069999944128],
[-98.171057000202694,26.069544000237038],
[-98.170776999820234,26.069003999623369],
[-98.170507000381789,26.068467999696047],
[-98.170257000136544,26.06786400028281],
[-98.170125999716973,26.067559000028815],
[-98.169877000194944,26.066914000156451],
[-98.169749000148428,26.066543999840022],
[-98.169615000254126,26.066161000082786],
[-98.169327000374039,26.065085999747545],
[-98.169183000433975,26.064632000089119],
[-98.169011999831454,26.064248999728751],
[-98.168841000127216,26.06395000030264],
[-98.168682999943485,26.063687000316879],
[-98.168486000299993,26.063423999740643],
[-98.168181999628047,26.063148999798383],
[-98.167932000281127,26.062980999865196],
[-98.167626999784275,26.062854000125665],
[-98.167056999871889,26.062674000138234],
[-98.166507000050984,26.062634000282806],
[-98.166069000383061,26.062678000284428],
[-98.165725000426477,26.062737000205644],
[-98.165387000317679,26.06282400028147],
[-98.164983999911541,26.062985999833067],
[-98.164532999824843,26.063200000033053],
[-98.163967000110389,26.063514000403178],
[-98.163685999902995,26.063698999844295],
[-98.163276999649085,26.063933999890807],
[-98.162852000399965,26.064115000185598],
[-98.162486999628669,26.064214000326583],
[-98.161660999623251,26.064374999749543],
[-98.160747999579172,26.06451600015011],
[-98.159717000432636,26.064490000008867],
[-98.158884999681106,26.06423700025768],
[-98.158318000141762,26.063841000076415],
[-98.157961999591308,26.063386999627546],
[-98.157725999589729,26.062908999820092],
[-98.157607999588961,26.062489999721784],
[-98.15756999995412,26.062059999884671],
[-98.157624000380807,26.06152299980862],
[-98.157718000092146,26.061176999790138],
[-98.157877999925702,26.060818999735595],
[-98.158089999637809,26.0605089996251],
[-98.158276000308959,26.060186999615429],
[-98.158508000112562,26.059918000101792],
[-98.158796999817568,26.059624000223934],
[-98.15908499969764,26.059342000389059],
[-98.15940299971497,26.059114999736998],
[-98.159832999885268,26.05876500039744],
[-98.160119000115543,26.058532000213635],
[-98.160540999889932,26.058198000329984],
[-98.160860999557073,26.057972999632462],
[-98.161109000152507,26.057721000210556],
[-98.161356999849616,26.057513999645902],
[-98.161716999699735,26.057124000243448],
[-98.161909000218657,26.056881000375345],
[-98.162120000105872,26.05665000025272],
[-98.16223999975648,26.056436000193912],
[-98.162336999840832,26.056174000178078],
[-98.162439999772999,26.055862999990278],
[-98.162467000435484,26.055504999839478],
[-98.162454999841614,26.05518299979753],
[-98.16237700002381,26.054920000307327],
[-98.162298000381099,26.05468100032315],
[-98.162166999961528,26.05436399996692],
[-98.161996000257304,26.054119000209059],
[-98.161757999707604,26.053902999744036],
[-98.161428999819634,26.053652000358735],
[-98.161177999749469,26.05347199995412],
[-98.160900999740051,26.053315999648845],
[-98.16059699996643,26.053219999730256],
[-98.1600949998261,26.053159000026962],
[-98.159738000349023,26.053194000310427],
[-98.159376999775702,26.053283999953745],
[-98.159181999782021,26.053348000142261],
[-98.158918000191392,26.053443000042439],
[-98.158677999991852,26.053563000103583],
[-98.158396999784472,26.053703999796479],
[-98.15788700014653,26.054084000201811],
[-98.157519999725423,26.054423999944845],
[-98.157368000287775,26.054560999792731],
[-98.156902999957353,26.055073000392472],
[-98.156478999634814,26.055526000074654],
[-98.156158999967687,26.055855000039443],
[-98.155544999674362,26.056379000104769],
[-98.155113999679145,26.056741000355391],
[-98.154450999880325,26.05731199973258],
[-98.153916999952955,26.057703999877763],
[-98.153589999714796,26.057918999917266],
[-98.153297999636749,26.058097000199446],
[-98.152861999618651,26.058251999916649],
[-98.152516999837161,26.058294000205581],
[-98.152107999583251,26.05830899990162],
[-98.151684999983942,26.058261000383322],
[-98.151289000148822,26.058151999706045],
[-98.150886999567604,26.057974000314417],
[-98.150617999954093,26.057768000073381],
[-98.150336999746699,26.05755399963536],
[-98.150118000361886,26.057215999859423],
[-98.149837000154491,26.056784000264024],
[-98.149639999612688,26.056350999994205],
[-98.149437000121424,26.055903999628914],
[-98.149341999686868,26.055523000387151],
[-98.149217000013394,26.055023999648512],
[-98.149206999967646,26.054540000191668],
[-98.149196999921898,26.05405399972615],
[-98.149274999739717,26.053622999684549],
[-98.149334000189256,26.053299000291094],
[-98.149413999656886,26.05295300019889],
[-98.149494999847732,26.052500000255382],
[-98.14953599985563,26.052177000102873],
[-98.149562999619803,26.051854999794397],
[-98.149484999801984,26.05153300021535],
[-98.14940699998418,26.05119799981966],
[-98.149288000158506,26.050983000362166],
[-98.149063999852515,26.05068400017198],
[-98.148775000147509,26.050372999942248],
[-98.148365999893599,26.049976999714048],
[-98.14802299976192,26.049701999687592],
[-98.147641000170495,26.049450000235549],
[-98.147363000336156,26.049294000226393],
[-98.147077000105895,26.049184000136496],
[-98.146769000134313,26.049102000178447],
[-98.146456999964784,26.049043999799441],
[-98.146148000168282,26.049052000215223],
[-98.145826999777924,26.04909399976609],
[-98.145579000080829,26.049170000029637],
[-98.145297000048501,26.049283999928999],
[-98.144777000364826,26.049574000136104],
[-98.14422699964561,26.049924000293284],
[-98.143857999574664,26.050181000047619],
[-98.1435930001591,26.050430999663657],
[-98.143397000340528,26.050594000146219],
[-98.143253000400478,26.050764999893939],
[-98.143076999775062,26.050974000143523],
[-98.142957999949388,26.051217000154395],
[-98.142817000382379,26.051503999823836],
[-98.14275799993284,26.051885999952784],
[-98.142715000275146,26.052171999673746],
[-98.142660999848459,26.052517999650512],
[-98.142579999657599,26.052839999751551],
[-98.142500000189983,26.053091000068882],
[-98.142341000181318,26.053317000370566],
[-98.142147000012557,26.053514000342275],
[-98.141767000070985,26.053873999938993],
[-98.141465999772095,26.054223000261075],
[-98.141199999633301,26.054508999928245],
[-98.140975000400729,26.054783000072099],
[-98.140587000063206,26.055223999674084],
[-98.140319000274616,26.055609000275535],
[-98.14001700015082,26.056043999841865],
[-98.139647000254953,26.056744000011712],
[-98.13941700010119,26.05727400022931],
[-98.139232999978162,26.057871000239164],
[-98.139059999725816,26.058251999916649],
[-98.138900999717166,26.058539000111605],
[-98.138514999927779,26.059123000272269],
[-98.138196999910463,26.059600000333084],
[-98.137917000426285,26.060076000208966],
[-98.137718000234642,26.060469999691076],
[-98.1375580004011,26.060839999825344],
[-98.137318000201574,26.061400000292288],
[-98.13713200042875,26.061948999831856],
[-98.13694199955961,26.062465999611057],
[-98.13695800035147,26.062509999675797],
[-98.136770000030481,26.063309000048726],
[-98.136636000136178,26.063965999905324],
[-98.1365809998846,26.064645999962668],
[-98.136616999869602,26.065293999657403],
[-98.136749000114094,26.065936000153421],
[-98.136887000206343,26.066763999601996],
[-98.137036999994194,26.067583999695884],
[-98.137117000360135,26.067984000098903],
[-98.137164000215776,26.068481000132788],
[-98.137163000390885,26.068827000364273],
[-98.137107000314387,26.069163999945228],
[-98.137081000375119,26.069436000152098],
[-98.136986999765469,26.069734000324008],
[-98.136881000358571,26.070091999760749],
[-98.136760999809653,26.070389999877239],
[-98.13662799974027,26.07074799972936],
[-98.136375000020266,26.071140999864333],
[-98.136057000002964,26.071554000317782],
[-98.135697999977765,26.071964000048176],
[-98.135353000196275,26.072285000206886],
[-98.134933000071712,26.072584999891518],
[-98.134297000037066,26.073074000183045],
[-98.133710000406239,26.073475000135765],
[-98.133127000075049,26.073774000259132],
[-98.132598000170532,26.074009000262809],
[-98.132107999725761,26.074187000301897],
[-98.13155200005707,26.074340999972325],
[-98.131023000152553,26.07441099997563],
[-98.130560000370281,26.074410000240999],
[-98.130110999933407,26.074361000323346],
[-98.129972999841144,26.074328000186121],
[-98.129766999976809,26.074273999941489],
[-98.129449999784413,26.074191999791385],
[-98.129172999774966,26.07403599964244],
[-98.128909000184336,26.073855999895105],
[-98.128684999878359,26.073604999686815],
[-98.128408999693818,26.073173999758506],
[-98.128212999875245,26.072588999699235],
[-98.128187999760897,26.07201499967217],
[-98.128256000431264,26.071454000165801],
[-98.128443000029009,26.070952999974576],
[-98.128655999566035,26.070439999611303],
[-98.12882700016857,26.070136000188501],
[-98.129007000093623,26.06986399999359],
[-98.129546000043874,26.069297000389337],
[-98.129876999581683,26.06893900013624],
[-98.130222000261483,26.068545999874107],
[-98.13043499979851,26.068224000169135],
[-98.130660999754312,26.067830999928542],
[-98.130834000006672,26.067449000139177],
[-98.130997000213299,26.067003999751375],
[-98.131114000389147,26.066649999762237],
[-98.131194999681682,26.066280000225749],
[-98.131235999689579,26.065755000251624],
[-98.131250999758194,26.065420000168022],
[-98.131224999818926,26.065074000362209],
[-98.131133999582318,26.064703999882163],
[-98.130997000213299,26.064253999642514],
[-98.130845999702245,26.063902999691887],
[-98.130567000042987,26.063534000182358],
[-98.130345000285132,26.06331599966131],
[-98.129966999993371,26.06313399991501],
[-98.129289000125937,26.062859999932197],
[-98.128467000318452,26.062583999637337],
[-98.128087000376865,26.062390999737751],
[-98.127678000122955,26.062210999845906],
[-98.127299000006261,26.062082000398849],
[-98.126905999645885,26.061958000014542],
[-98.126457999932214,26.061846000023159],
[-98.125976999708271,26.061824000271663],
[-98.125698000049013,26.061808000376406],
[-98.125412999643672,26.061800999866765],
[-98.125282000122425,26.061826999797848],
[-98.124950999686291,26.061891000162262],
[-98.12450700017061,26.061993999931353],
[-98.124189999978199,26.062085999758278],
[-98.123866999938016,26.06223400017026],
[-98.123583000255877,26.062463999937844],
[-98.123226999705423,26.062753999808141],
[-98.122732999961016,26.063258999691353],
[-98.12237899995867,26.063539999954031],
[-98.121902999757609,26.063795999879424],
[-98.121445999823123,26.063924999859935],
[-98.120886999781376,26.064034000007993],
[-98.119551999962923,26.06436599975256],
[-98.118546000032438,26.064658000198815],
[-98.117819999586118,26.064822999891447],
[-98.117136999695816,26.06499399985584],
[-98.116586999874912,26.065093999875053],
[-98.115914999855249,26.06521199967499],
[-98.115467999966512,26.065267999688889],
[-98.115134999880581,26.065317000183406],
[-98.114817999688171,26.065312000315046],
[-98.114401999761569,26.065332999599377],
[-98.114282000110975,26.0653439999531],
[-98.114007999576273,26.065369000092964],
[-98.113527000250642,26.065443999673541],
[-98.113016999714389,26.065527000110993],
[-98.112486999984981,26.065613999728576],
[-98.112011999608811,26.065666000313215],
[-98.111522000062365,26.065742000319215],
[-98.110987000310061,26.065853999813481],
[-98.110489000367693,26.065948000257411],
[-98.110028000235246,26.066095000019182],
[-98.10956600027788,26.066220999668193],
[-98.109222000321296,26.066339999750173],
[-98.108885000037418,26.066470999761645],
[-98.108525000187299,26.066611000258774],
[-98.108165000337195,26.066750999781608],
[-98.107607000120353,26.06697400016305],
[-98.107226000353862,26.067177999955593],
[-98.106844999689031,26.067347999914791],
[-98.106314999959608,26.067555000049293],
[-98.105689999795629,26.067675999974099],
[-98.105187999655286,26.067675000181964],
[-98.104707000329654,26.067604000394017],
[-98.104307000296586,26.067453999916303],
[-98.103939999875479,26.067193000128039],
[-98.10356099975877,26.066798999856132],
[-98.103210000129508,26.066393999618661],
[-98.102796999677636,26.066003999919438],
[-98.102369999880366,26.065594000304507],
[-98.101963999999512,26.065224999666164],
[-98.101450000163609,26.064843000254111],
[-98.10105699980322,26.064498999996371],
[-98.100677999686539,26.064105000346025],
[-98.100286999874285,26.063594000306384],
[-98.100056999720522,26.063147000136837],
[-98.099895000237126,26.062778999693766],
[-98.099761000342824,26.062472000244416],
[-98.099625999725291,26.062164999990554],
[-98.099342000043151,26.061722000196006],
[-98.09897700017018,26.061303999733685],
[-98.098625999642593,26.060874000385372],
[-98.098327999716759,26.060590999671643],
[-98.098029999790924,26.060345000166812],
[-98.097664000093033,26.060086000392445],
[-98.097284999976338,26.059851999748744],
[-98.096891999615963,26.059606000306275],
[-98.096516999697229,26.059414000205368],
[-98.095956999830591,26.059164000384222],
[-98.095454999690247,26.058975999831613],
[-98.094844999594883,26.058815000251801],
[-98.094302000344982,26.058702999676822],
[-98.093894999740883,26.05863999986116],
[-98.093528000218072,26.058589999932117],
[-98.092867000069091,26.058574000402206],
[-98.092333000141707,26.058636000384105],
[-98.092034000390967,26.058708999695941],
[-98.091531000425718,26.058853999929752],
[-98.091123999821633,26.059012999723848],
[-98.090661000039361,26.059220000061273],
[-98.090170999594591,26.059487999701478],
[-98.089409999886485,26.059780000201584],
[-98.088977000241442,26.059943999643743],
[-98.088362999948117,26.060182000335093],
[-98.087845999739173,26.0604500001958],
[-98.087069999962438,26.060902000222079],
[-98.086390000445206,26.061317000158592],
[-98.085657000326179,26.061713999838215],
[-98.085016000268666,26.062084999918433],
[-98.084431000287665,26.062329000128997],
[-98.084022999858675,26.062536000256465],
[-98.083519999893412,26.062804000381067],
[-98.083001999859562,26.063109000105147],
[-98.08253999990221,26.063389999920666],
[-98.082062999876229,26.063720000224734],
[-98.08162699985813,26.064061999896378],
[-98.081277000053774,26.0644239998107],
[-98.081130999565588,26.064690000015549],
[-98.080996999671285,26.064933999641919],
[-98.080958000211552,26.065200000302557],
[-98.080957000386618,26.065519000013065],
[-98.081026999808515,26.065844000122372],
[-98.081158000228072,26.066132999889174],
[-98.081292999947294,26.066428000180608],
[-98.081482000093175,26.066660999992301],
[-98.081712000246938,26.066931999758189],
[-98.082070000447246,26.06718900013605],
[-98.082389000289467,26.067387999774368],
[-98.082827999782282,26.06755100006966],
[-98.083237000036206,26.067703999798848],
[-98.083872000245933,26.067783000276943],
[-98.08428899999744,26.067872000220579],
[-98.084751999779712,26.067991000239026],
[-98.085096999561216,26.068124000401379],
[-98.085509000188168,26.068402999911406],
[-98.085710999854541,26.068684999721278],
[-98.085845999573763,26.068955999645571],
[-98.085913000419225,26.069175999718489],
[-98.08589900017553,26.069446000343465],
[-98.08581600033483,26.069703999821133],
[-98.085734000319079,26.070009999909757],
[-98.085570000287547,26.070316000005747],
[-98.085337999585647,26.07052400031067],
[-98.085079000017856,26.070732000246188],
[-98.084508000280564,26.071000000177058],
[-98.083991000071606,26.071157999860951],
[-98.083652000137917,26.071205999743118],
[-98.083247000081954,26.071263999641733],
[-98.082657000078072,26.07130399977769],
[-98.081954000096289,26.071286000040967],
[-98.080989999998593,26.071184999897966],
[-98.080352000314122,26.071098000383991],
[-98.079717000104409,26.070884000089542],
[-98.079167000283491,26.070633999732916],
[-98.078793000189677,26.070442999723753],
[-98.078387000308823,26.070183999682666],
[-98.078020999712606,26.069842999907749],
[-98.077740000403523,26.069495999673634],
[-98.077415999640124,26.0690530001688],
[-98.07703700042174,26.068544000304698],
[-98.076706999810554,26.068053999867598],
[-98.076417000280642,26.067563999801258],
[-98.076252000424205,26.067233999836503],
[-98.076132999700192,26.066925000361678],
[-98.076086999669442,26.066803999661058],
[-98.075835999599278,26.066042999624983],
[-98.075676999590627,26.065413999685674],
[-98.075597000122997,26.064944000217693],
[-98.075607000168731,26.064553999725376],
[-98.075571000183714,26.064288999839707],
[-98.075585000427424,26.064079999936382],
[-98.075598999772808,26.06379800033687],
[-98.075654999849306,26.063466999617496],
[-98.075736999865072,26.06282400028147],
[-98.075767000002301,26.062462000264606],
[-98.075755000306728,26.062082000398849],
[-98.075689000184497,26.061603000264519],
[-98.075516999757042,26.061043999809662],
[-98.075247000318626,26.060113999610483],
[-98.075099000180614,26.059676000239559],
[-98.074924000278429,26.059208999939475],
[-98.07478899966091,26.058963999820435],
[-98.074641000421209,26.05865700005813],
[-98.074452000275329,26.058385999709934],
[-98.074263000129449,26.05811600022265],
[-98.073979000447309,26.057772000387086],
[-98.07365399985899,26.057439999710073],
[-98.0733030002297,26.057094999621459],
[-98.07276699975418,26.056706000324262],
[-98.072087000236934,26.05611400028911],
[-98.071894999717998,26.055925999684977],
[-98.071718999990892,26.055667999721397],
[-98.071436000133687,26.055225000379483],
[-98.070976999651066,26.054274000345966],
[-98.070641000090404,26.053456999638918],
[-98.070453999594335,26.052806000088452],
[-98.07030700017954,26.052242000012715],
[-98.070077000025776,26.051154000349392],
[-98.069996999659836,26.050483999662237],
[-98.070031999819932,26.04938299968796],
[-98.070087000071524,26.048523999850705],
[-98.070164999889343,26.048145999899017],
[-98.070246999905095,26.047743999637767],
[-98.070338999966594,26.047360999764834],
[-98.070467000013124,26.046984000067038],
[-98.070694999618752,26.046367999977097],
[-98.070913999901862,26.04586599987373],
[-98.071092000177103,26.045486000266362],
[-98.071277999949928,26.045235999789295],
[-98.071664999564234,26.044715999897921],
[-98.072102000305563,26.04422599989195],
[-98.072637000057853,26.043744000230287],
[-98.073205000320414,26.043371000198739],
[-98.073735000049837,26.043077999975818],
[-98.074183999588413,26.04285900013814],
[-98.074726999736612,26.042674000081814],
[-98.075407000152182,26.04249499977567],
[-98.075991000308292,26.042385999771014],
[-98.076535000281424,26.042327000096471],
[-98.076941999987199,26.042302999892044],
[-98.077851999658208,26.042281999709143],
[-98.078639000203907,26.042357000345092],
[-98.07918200035212,26.042322000054291],
[-98.079671000073645,26.04221299988879],
[-98.079996999588587,26.042004000161832],
[-98.080127000183239,26.041734000063503],
[-98.080066999908766,26.041433999673437],
[-98.079839000303153,26.040938000358274],
[-98.079579000012146,26.040596000194252],
[-98.079406999584691,26.040275000385993],
[-98.079208000291388,26.039881000006051],
[-98.079030000016161,26.039414999966056],
[-98.078896000121844,26.038961000134648],
[-98.078717000021712,26.038573999658681],
[-98.078569999708606,26.038244999619977],
[-98.07842499994365,26.037917000318618],
[-98.078221999554074,26.03758499990456],
[-98.077870999924784,26.037057000363653],
[-98.07765500001473,26.036810999894207],
[-98.077424999860952,26.03657699959879],
[-98.07710000017093,26.03636800032],
[-98.0767880000014,26.036269000064298],
[-98.076461999588147,26.03626800000421],
[-98.075987000110331,26.03634000027246],
[-98.075416000373025,26.036424000394991],
[-98.074886999570197,26.036459000024735],
[-98.074534000291081,26.036457999966284],
[-98.074140000105785,26.036433000116308],
[-98.073678999973339,26.036430999998924],
[-98.073243999780161,26.036441999836885],
[-98.072632999859877,26.036477000268398],
[-98.072158000382046,26.036536999715448],
[-98.071790999960925,26.036621999753976],
[-98.071406999821377,26.036753999948065],
[-98.070897000183436,26.037013999675704],
[-98.07072099955802,26.037162000269081],
[-98.070517000241836,26.037334000287739],
[-98.070211999744984,26.037732999777361],
[-98.06991800001714,26.038157999862705],
[-98.069666000122055,26.038590000304335],
[-98.069297000051108,26.039201999954667],
[-98.069009999995927,26.039618000082921],
[-98.068532000145041,26.040351999934838],
[-98.068122999891116,26.041001000003586],
[-98.067849000254753,26.041453999992374],
[-98.06753500043537,26.041906999845327],
[-98.067245000007162,26.042333000146812],
[-98.066935000385755,26.042750999669547],
[-98.066648000330588,26.043155000105344],
[-98.066306999848734,26.043570999930466],
[-98.065938999602707,26.043998999824261],
[-98.06550199975969,26.044562000024495],
[-98.065120999993184,26.044915999756594],
[-98.064686999624911,26.045243999657856],
[-98.064167999766141,26.045562999621534],
[-98.063623999793009,26.045830999823327],
[-98.063038999812008,26.046026000316893],
[-98.062454999655927,26.046159000392976],
[-98.061786999834226,26.046294000267356],
[-98.061409000440761,26.046352000392822],
[-98.061083000027523,26.046399999946196],
[-98.060688999842228,26.04636200013325],
[-98.060364000152219,26.04631199980841],
[-98.059916000438562,26.0462610002945],
[-98.059237999672817,26.04606300026219],
[-98.058655000239952,26.045816000144427],
[-98.058112999916645,26.045569000313343],
[-98.057271999842598,26.045210000212677],
[-98.056540000446802,26.044974999742514],
[-98.055889000343555,26.044837999989493],
[-98.055223999996599,26.044737999632737],
[-98.05461399990125,26.044649999861644],
[-98.053916999767239,26.044624000155093],
[-98.053038999883256,26.044633000054166],
[-98.052316999634911,26.044624000155093],
[-98.051749000270647,26.04456699997116],
[-98.051057000159517,26.044553000119979],
[-98.05040600005627,26.044513999718603],
[-98.049766999648583,26.044523999615809],
[-98.049020000184186,26.044570999928339],
[-98.048395999845113,26.044580999820674],
[-98.047594999954029,26.044577999853065],
[-98.047037999562136,26.044527000391916],
[-98.046634000229403,26.044464000219801],
[-98.046130000439263,26.044365000342207],
[-98.045491999856466,26.044215999969339],
[-98.044922999769,26.044042000372162],
[-98.044367000100294,26.043831999874325],
[-98.043757000004931,26.043621999807453],
[-98.043269000108296,26.043387000189831],
[-98.042787000059462,26.043132000071946],
[-98.042334000322924,26.042844000079],
[-98.041725000052466,26.04245000025994],
[-98.041061000428755,26.042030999653218],
[-98.040627999885388,26.041783999919357],
[-98.040139999988739,26.041536999665208],
[-98.03980100005505,26.04138899975052],
[-98.039476000365028,26.041277000279909],
[-98.039178000439193,26.041214999993656],
[-98.038811000018072,26.04126300003589],
[-98.038605999978671,26.041445999865211],
[-98.038470000434529,26.041642000402124],
[-98.038415000182951,26.041862000103933],
[-98.038359000106453,26.042083000210567],
[-98.03830399985489,26.042353000312392],
[-98.038262000022087,26.042781999814235],
[-98.038219000364379,26.043211000167737],
[-98.038149000044157,26.043775000112426],
[-98.0380660002035,26.044105999957161],
[-98.037901000347063,26.044595999657581],
[-98.037708999828112,26.045134999787546],
[-98.037490000443327,26.045636999792688],
[-98.037353000175969,26.045931000054882],
[-98.037189000144451,26.046223999604621],
[-98.036764999821912,26.046860999817703],
[-98.036437999583754,26.047312999797875],
[-98.036110000419015,26.047754000066533],
[-98.035809999945045,26.048059000224374],
[-98.035537000133559,26.048402000366742],
[-98.035305000329984,26.048756999756016],
[-98.03508600004686,26.049172999879744],
[-98.034921000190423,26.049552999641485],
[-98.034716000151022,26.050029999917928],
[-98.034605999647837,26.050398000048336],
[-98.034508999563457,26.050740999802816],
[-98.034480999974377,26.05098600016586],
[-98.034466999730668,26.051144000210719],
[-98.034465999905763,26.051464000190471],
[-98.034450999837148,26.051696999900944],
[-98.034435999768519,26.051979000378825],
[-98.034408000179425,26.052237000393418],
[-98.034306999897112,26.052443999788025],
[-98.034292999653388,26.052738999845168],
[-98.034276999759882,26.053093999818635],
[-98.034320000315887,26.053462999926655],
[-98.034388000087958,26.053855999945078],
[-98.034399999783517,26.05408899974233],
[-98.034413000202306,26.054296999807324],
[-98.034417000400268,26.054664000356365],
[-98.034491000020125,26.055204999988973],
[-98.034490000195191,26.055487000096065],
[-98.034460999882882,26.055842999708641],
[-98.034433000293802,26.056222999634169],
[-98.03437700021729,26.056553999837202],
[-98.034306999897112,26.056946000097177],
[-98.034265000064309,26.057302000119321],
[-98.034182000223623,26.057815999793654],
[-98.034084000314337,26.058356000335632],
[-98.034000999575341,26.058809000238139],
[-98.033827000396386,26.059444000115793],
[-98.033711000045443,26.059900000229259],
[-98.033546000188977,26.060413999804499],
[-98.033377000134607,26.060944000368067],
[-98.033207000255288,26.061403999674997],
[-98.033011000436701,26.061932999953683],
[-98.032873000344438,26.062275999838757],
[-98.032722999658304,26.062557999874262],
[-98.032504000273505,26.062899999710453],
[-98.032189999555825,26.063439000393835],
[-98.031915999919434,26.063892000009798],
[-98.031669999872136,26.064270999831823],
[-98.031326999740472,26.064694000092889],
[-98.030946999798871,26.0651039996302],
[-98.030538000443272,26.065468999792035],
[-98.030089000006384,26.065848000160315],
[-98.029652999988301,26.066165000109915],
[-98.029203999551413,26.066445999857027],
[-98.028850000447406,26.066665999803064],
[-98.028416999904039,26.066843999706418],
[-98.028020000243998,26.066957000366042],
[-98.027558000286646,26.067005000356154],
[-98.027246000117103,26.066930000161221],
[-98.026962000434978,26.066806000067096],
[-98.026568000249668,26.066730999744749],
[-98.026236999813563,26.06658399997421],
[-98.025656999855428,26.066253999669136],
[-98.025336000363367,26.065966999814322],
[-98.025046999760065,26.065654000180373],
[-98.024737000138671,26.065074000362209],
[-98.024445999885543,26.064382000105411],
[-98.024108999601637,26.063864999905434],
[-98.023860999904514,26.063474999855572],
[-98.023623000253153,26.062993000271909],
[-98.023422000411699,26.062477000234029],
[-98.023315000281585,26.062158000309203],
[-98.023193999907747,26.061776999614896],
[-98.023033000249271,26.061323000043839],
[-98.022871999692484,26.060869000327376],
[-98.02279200022484,26.060524999697741],
[-98.022684000269805,26.060242999610498],
[-98.02242800017676,26.059923000200357],
[-98.022253000274588,26.059602999916212],
[-98.021996000356637,26.059221999789838],
[-98.021658000247825,26.058914999896562],
[-98.021223999879552,26.058692000313503],
[-98.020885999770755,26.058626000076863],
[-98.020556000057894,26.058632999969209],
[-98.020246000436472,26.058743000067402],
[-98.019873000167578,26.05898199983675],
[-98.019602999830852,26.059195000223152],
[-98.019384000446038,26.059340999718799],
[-98.01907700029939,26.059563999680609],
[-98.018586000029714,26.059780000201584],
[-98.018510999686626,26.059813000403018],
[-98.017933000276628,26.060066999881702],
[-98.017469999596031,26.060311000260249],
[-98.017088999829539,26.060555000130659],
[-98.016816000018054,26.060762000164683],
[-98.016585000039385,26.060957999875416],
[-98.016298999809123,26.061190000229107],
[-98.016108000013404,26.061410000362759],
[-98.015914999669562,26.061625999901299],
[-98.015683999690879,26.061947999990839],
[-98.015425000123102,26.062351999623264],
[-98.015273999612049,26.062609000366216],
[-98.015107000105786,26.062888999934195],
[-98.014876999952008,26.063408999892474],
[-98.01470799989761,26.063928999963419],
[-98.014579999851094,26.064412000357542],
[-98.014544999691012,26.064765000030871],
[-98.014529999622383,26.065107999693421],
[-98.01456999980536,26.065378000012888],
[-98.014542000216252,26.065611000299345],
[-98.014456999827459,26.065833999623443],
[-98.014389999880308,26.066052000300097],
[-98.013816999594866,26.066433999804079],
[-98.01341699956177,26.066503999692184],
[-98.012977000244035,26.066464000337628],
[-98.012556000294552,26.066351999812763],
[-98.012106999857664,26.066144000167782],
[-98.01173000028912,26.065852000198102],
[-98.011365000416134,26.065360999984232],
[-98.01105599972135,26.064605000155286],
[-98.010843000184309,26.063762999992939],
[-98.010775000412266,26.063241000332187],
[-98.01073799970402,26.062775000358002],
[-98.010740000252156,26.062427000328498],
[-98.010768999666155,26.061998000100779],
[-98.010879999994245,26.06143399988283],
[-98.01097600025372,26.061042000112188],
[-98.011114000345984,26.060712000334199],
[-98.011278000377501,26.060357000036532],
[-98.011496999762301,26.060037999988122],
[-98.012106999857664,26.059034000137302],
[-98.012577000210953,26.058224000253613],
[-98.012777000227487,26.057723999841787],
[-98.012867999565785,26.057324999793405],
[-98.012839999976691,26.057037999852906],
[-98.012747000090272,26.056694999966457],
[-98.012680999968026,26.056493000255291],
[-98.012545000423899,26.05628899961031],
[-98.012342000034323,26.056116999961485],
[-98.01201200032142,26.056082999635077],
[-98.011710000197638,26.056137000196379],
[-98.011507999632954,26.056254000251165],
[-98.01122800014879,26.056433999610753],
[-98.011002000192974,26.056614000307867],
[-98.010654999863348,26.056956999624425],
[-98.010539000410702,26.057085999872228],
[-98.010293000363404,26.057363000087122],
[-98.009894000155228,26.057870000363355],
[-98.00961899979562,26.058384999838513],
[-98.00946499980985,26.058804999959836],
[-98.009365000250739,26.059165000248989],
[-98.009285999709704,26.059491000094479],
[-98.009176000104844,26.059833999866111],
[-98.009063000126943,26.060189999990506],
[-98.0087509999574,26.060826000303923],
[-98.008520999803636,26.061205000361401],
[-98.008457000229527,26.061313999812384],
[-98.008176999847052,26.0617039997937],
[-98.007853999806855,26.062116999631037],
[-98.007467000192563,26.062439999821798],
[-98.007057999938652,26.062782000002482],
[-98.006626999943435,26.063023999904665],
[-98.005629000408859,26.063573999730483],
[-98.004626999778026,26.064103999716433],
[-98.00392799999419,26.064488000370208],
[-98.003302000005306,26.064743999837741],
[-98.002281999831112,26.06503600014867],
[-98.001687999629283,26.065155999634314],
[-98.001143999656151,26.065245999773062],
[-98.000690000094707,26.065293999657403],
[-98.000546000154671,26.065330000162973],
[-97.999984999564774,26.065360000172355],
[-97.999561999965479,26.065342000329007],
[-97.999036000434018,26.065309000071139],
[-97.99847599966904,26.065200000302557],
[-97.997997999818153,26.065054000038998],
[-97.997565000173125,26.064918999987142],
[-97.997307000430268,26.06479699981837],
[-97.996894999803303,26.064558999626126],
[-97.996344999982384,26.06418899994021],
[-97.995874999629109,26.06375899988382],
[-97.995631999954867,26.063484999748923],
[-97.995293999846055,26.063104000142516],
[-97.994956999562163,26.062581000130525],
[-97.994720999560613,26.062181999676039],
[-97.994468999665528,26.061690000375521],
[-97.994267999824075,26.061184000337068],
[-97.994015000104099,26.060631000224607],
[-97.993712999980303,26.059986000133154],
[-97.993493999697179,26.059463999782793],
[-97.99330899974926,26.059141000264134],
[-97.993157000311612,26.05892600004595],
[-97.992870000256431,26.058663999948646],
[-97.992548000041154,26.058448999662168],
[-97.992209999932356,26.058325000274699],
[-97.9918750001966,26.058249000298925],
[-97.991480000186385,26.058307000157455],
[-97.991044999993207,26.058469000306005],
[-97.990798999945923,26.05865700005813],
[-97.990561000294534,26.058854999797166],
[-97.990213000139988,26.059136999997193],
[-97.98981099955877,26.059434999739981],
[-97.989454000081722,26.059740000165029],
[-97.989162999828565,26.060122999934134],
[-97.988992999949247,26.060383000288077],
[-97.988803999803366,26.060764999718067],
[-97.988717999589639,26.061133000031724],
[-97.988664999886211,26.061454999862342],
[-97.988647000342837,26.061791999672028],
[-97.988705000069174,26.062129000126259],
[-97.988756999947711,26.062491000365124],
[-97.988812000199303,26.062819000306664],
[-97.988864999902745,26.063158999719569],
[-97.988864999902745,26.063749000013864],
[-97.98881499967402,26.06418899994021],
[-97.98875299974975,26.064521000052448],
[-97.988633000099156,26.064796000001667],
[-97.988464000044743,26.06514100000793],
[-97.988274000073943,26.065438999810567],
[-97.98815400042335,26.065653000370972],
[-97.987932999592104,26.065836000046083],
[-97.987677000397369,26.066035000369265],
[-97.987285999686804,26.066216999642986],
[-97.986622999887999,26.066460000320717],
[-97.98596500011206,26.066579000159908],
[-97.98517500009163,26.0666590003907],
[-97.984385000071214,26.066758999795404],
[-97.983564999913554,26.066954999962547],
[-97.982596999617911,26.067181000151628],
[-97.982019000207899,26.067316999812444],
[-97.981475000234781,26.067389000375879],
[-97.981118999684313,26.067436000394803],
[-97.980778999925676,26.067434999793662],
[-97.980372000219916,26.067374000228522],
[-97.980084000339829,26.067293999679176],
[-97.979825999698662,26.067114000058936],
[-97.979614999811446,26.066909000356244],
[-97.979492999612717,26.066693999869265],
[-97.979425999665565,26.066417999731527],
[-97.979410999596951,26.066081000318825],
[-97.979463000373798,26.065773999839827],
[-97.97956799995579,26.06517699975355],
[-97.979624000032288,26.064822999891447],
[-97.979671999712863,26.064517999788286],
[-97.979793999911607,26.063966999729111],
[-97.979795999561418,26.063553000130806],
[-97.979774999645016,26.062788999646532],
[-97.979747000055923,26.062492000201509],
[-97.979685000131667,26.061820000096297],
[-97.97962499985718,26.061169000202092],
[-97.97947099987141,26.060301000095965],
[-97.979353999695533,26.059918000101792],
[-97.979165000447978,26.059489000370494],
[-97.979018000134886,26.059180999698192],
[-97.978798999851762,26.058903999746139],
[-97.978545000306852,26.05862699994622],
[-97.978224999741414,26.058439000145967],
[-97.977936000036408,26.058318000363954],
[-97.977585000407132,26.058258999831335],
[-97.976983999634285,26.058163999800374],
[-97.976520000027094,26.058145999658425],
[-97.975815000395485,26.058156999880012],
[-97.975305999684139,26.058155000133254],
[-97.974813999589543,26.058092000022921],
[-97.974457000112508,26.058043999608724],
[-97.974134999897217,26.057936000218824],
[-97.973881000352321,26.057842999678105],
[-97.973543000243509,26.057611999837949],
[-97.973274999556608,26.057369000174827],
[-97.972950999691491,26.057057999930603],
[-97.972675000405289,26.056618999740436],
[-97.972134999731793,26.055779000075631],
[-97.971856000072535,26.055352000318347],
[-97.971475000306043,26.054858999874824],
[-97.971011999625432,26.054291000369329],
[-97.970420999796659,26.053691000140958],
[-97.969947999968653,26.05329000025031],
[-97.96977999973916,26.053160999858974],
[-97.969507999752594,26.052951000363329],
[-97.968983999870943,26.052582000257345],
[-97.968325000270099,26.052239000241169],
[-97.967814999733832,26.052040999814828],
[-97.967306999745716,26.051854999794397],
[-97.966747999703998,26.051715000226451],
[-97.966136999783714,26.051682000165609],
[-97.965474999809814,26.051694000115429],
[-97.96482999955434,26.0517529999182],
[-97.964354000251589,26.051859000309918],
[-97.963775999943266,26.052116999781603],
[-97.963469999621523,26.052239000241169],
[-97.963094999702804,26.052420999963015],
[-97.96262500024784,26.052778999850467],
[-97.962294999636626,26.053062000062926],
[-97.962039000441905,26.053383000369301],
[-97.961901000349656,26.053689000317981],
[-97.961784999998684,26.05397900011744],
[-97.961625999990048,26.054423999944845],
[-97.961544999799187,26.054799000119615],
[-97.961334999736906,26.055369000185326],
[-97.96112700022276,26.055847000088036],
[-97.960851999863138,26.056073999808088],
[-97.960548000089531,26.05630500025919],
[-97.960225000049348,26.056533999673515],
[-97.959934999621112,26.05674900024573],
[-97.959394999845941,26.057159000149735],
[-97.958947000132298,26.057449000239135],
[-97.958470000106317,26.05782399961064],
[-97.957720000268864,26.058547999749262],
[-97.957378999787011,26.058914000029656],
[-97.956986000324946,26.059403000101803],
[-97.956457000420428,26.060214999616328],
[-97.956240999612049,26.060502999698151],
[-97.955944000409431,26.060855999852759],
[-97.955675999722516,26.061075999806622],
[-97.955385000367698,26.061269000258605],
[-97.954990000357498,26.061480999870206],
[-97.954434999615387,26.061668999631124],
[-97.953613999632836,26.061842999690459],
[-97.952815000289903,26.062008999960714],
[-97.952186999752868,26.062113000272667],
[-97.951728000168558,26.062173000317557],
[-97.951235000249042,26.06218900016292],
[-97.950778000314571,26.062154000145288],
[-97.950353999992032,26.062121999635789],
[-97.950056000066212,26.062108000267557],
[-97.949744999721588,26.06208900008474],
[-97.949352000259509,26.062072000385733],
[-97.948962000272161,26.062023999988138],
[-97.948589000003267,26.061946000308787],
[-97.948164999680728,26.061809000218627],
[-97.947485000163482,26.061548999801392],
[-97.947035999726594,26.061333000120896],
[-97.946505000172252,26.061079000158951],
[-97.945337999684966,26.060477000280244],
[-97.944356000043925,26.059874999729253],
[-97.943679000001424,26.059443000253406],
[-97.942935000011758,26.058958999680939],
[-97.942615000344603,26.058738999786847],
[-97.942124999899846,26.05835899995062],
[-97.941494999713001,26.057779000330477],
[-97.940985000075045,26.0573090000908],
[-97.940625000224941,26.056919000006044],
[-97.940235000237607,26.056449000351932],
[-97.939861000143793,26.055870999940577],
[-97.939354999805502,26.055195000195912],
[-97.938967000366304,26.05465600032365],
[-97.938710000448339,26.054317000352842],
[-97.938359999745657,26.053902999744036],
[-97.937886999917652,26.05347199995412],
[-97.937485000234744,26.05321300032158],
[-97.937007000383858,26.052932000309706],
[-97.936384999694624,26.052728999841733],
[-97.936050999783774,26.052669999723232],
[-97.935705000177364,26.052608999733668],
[-97.935107999602465,26.052555999888959],
[-97.934434999757912,26.052638999772206],
[-97.933864999845511,26.052758999849523],
[-97.933273000191818,26.052977999754628],
[-97.932844999671332,26.0532389997372],
[-97.932484999821213,26.053518999907105],
[-97.932205000337049,26.053838999858602],
[-97.9318920003426,26.054214000291239],
[-97.931566999754267,26.05470299980179],
[-97.931430000385234,26.054963000077162],
[-97.931344000171507,26.055253999850226],
[-97.931226999995658,26.055634999966589],
[-97.931135999759036,26.056080999852913],
[-97.931117000390785,26.056449000351932],
[-97.931199000406551,26.057139000089276],
[-97.93146700019517,26.057754000184886],
[-97.931872000251118,26.058338000223149],
[-97.932497000415097,26.058860999808473],
[-97.933428000002507,26.059462999920559],
[-97.9340049995876,26.059819000365298],
[-97.934900000088319,26.060281999620077],
[-97.935525000252312,26.060539000062111],
[-97.936050999783774,26.060828999855655],
[-97.936576000388641,26.061161999654271],
[-97.936915000322344,26.061448999983881],
[-97.937100000270277,26.061716000331185],
[-97.937214999898003,26.061978999900127],
[-97.937282999670074,26.062329999966767],
[-97.937248000408275,26.062636999788253],
[-97.937115000338906,26.06305899966242],
[-97.936804999819174,26.0634789999744],
[-97.93647799958103,26.063859999975104],
[-97.936050999783774,26.064239999722087],
[-97.935720000245979,26.064524000316549],
[-97.935465999802773,26.064739999762129],
[-97.935234999824075,26.064939000333379],
[-97.934910000134067,26.065171999879215],
[-97.934505000078119,26.06534899982012],
[-97.934075999732713,26.065506000054473],
[-97.933431000375563,26.065625999865553],
[-97.932735000066458,26.065638999810822],
[-97.932140999864629,26.065544000115551],
[-97.931616000158087,26.065373000147101],
[-97.931192999660453,26.06514199982168],
[-97.930837999833216,26.064863999622521],
[-97.930655000433447,26.064628999827782],
[-97.930501000447634,26.064342000026208],
[-97.930425000279655,26.064038999930929],
[-97.930284999639269,26.063421000255346],
[-97.930134000026527,26.062960000159226],
[-97.929933000185073,26.062499999699217],
[-97.929816999834117,26.062023999988138],
[-97.929701000381471,26.061440999607409],
[-97.929564999939046,26.060628999713114],
[-97.929405000105476,26.059860000233684],
[-97.929188000370488,26.05881699998729],
[-97.929020999965914,26.058219000082531],
[-97.92880300040602,26.057604999884585],
[-97.928435000160007,26.056819000271872],
[-97.928174999869,26.056189000145494],
[-97.92801400021051,26.055854000146422],
[-97.927844000331191,26.055572000115458],
[-97.927695000368288,26.055339000038625],
[-97.92755999975077,26.05513100020903],
[-97.927275000243725,26.054958999667555],
[-97.926967000272128,26.054867999795089],
[-97.926534999553695,26.054988999911544],
[-97.926151000312458,26.055202000293253],
[-97.925802000333007,26.05541500028777],
[-97.925465000049101,26.055568999622093],
[-97.924807000273162,26.055794999987146],
[-97.924449999897789,26.055961999841195],
[-97.924007000206998,26.05615900020868],
[-97.923535000203898,26.056388999796777],
[-97.922816000328595,26.056814000040806],
[-97.922253999913806,26.057118000143198],
[-97.921940000094438,26.057269000017669],
[-97.92166499973483,26.057418999817912],
[-97.921148000424196,26.057680000400666],
[-97.920585000184488,26.057909000355799],
[-97.919940999753933,26.058104999997223],
[-97.919682000186185,26.058139999610479],
[-97.919415000222472,26.058163999800374],
[-97.919006999793467,26.058207999866767],
[-97.918583000369267,26.058190999604637],
[-97.91824500026047,26.058109000299414],
[-97.917685000393817,26.05795899976847],
[-97.917295000406455,26.057819000229479],
[-97.916705000402601,26.057598999808956],
[-97.916040999880551,26.057352999671231],
[-97.915516000173994,26.057135999636074],
[-97.914964999629859,26.056898999904618],
[-97.914404999763221,26.056649000366477],
[-97.913924000437589,26.056469999610908],
[-97.913449999886339,26.056360999688618],
[-97.912991000302029,26.05631300017934],
[-97.912481999590682,26.056326000351003],
[-97.912041000448042,26.056338999714203],
[-97.911566000071886,26.056367999716265],
[-97.911089999870825,26.056411999650081],
[-97.910750000112202,26.05645700026221],
[-97.910324999964743,26.056576999658112],
[-97.909934000152504,26.056697999623946],
[-97.90956000005869,26.056849999924207],
[-97.909237000018507,26.057002000027286],
[-97.908420000233903,26.057412999732765],
[-97.907995999911364,26.057718999649346],
[-97.907533999954012,26.058053000091377],
[-97.906666000115791,26.058601000112017],
[-97.906172000371384,26.058967000226858],
[-97.905403000267356,26.059503000051691],
[-97.904860000119129,26.05989599998821],
[-97.903941000227277,26.060383000288077],
[-97.903276999705241,26.06068700000748],
[-97.902613999906436,26.060898000015275],
[-97.901945000259829,26.061069000060225],
[-97.901272000415275,26.061229999770603],
[-97.900659999771761,26.061318999851373],
[-97.899895999690614,26.06136199969389],
[-97.899302000387095,26.061360000001848],
[-97.89862399962135,26.061295000307751],
[-97.89794499992901,26.061217000143046],
[-97.897590000101772,26.061163000308959],
[-97.897225000228786,26.061108999643043],
[-97.89664299972253,26.060980999638822],
[-97.895927000220254,26.060793000387786],
[-97.895182000405669,26.060605999880615],
[-97.894214999934931,26.060349000392531],
[-97.893588000121127,26.060184999903324],
[-97.892885000139344,26.060139000059486],
[-97.892125000256144,26.060178999959788],
[-97.891500000092165,26.060252999779717],
[-97.891040999609558,26.06037300012995],
[-97.89064999979729,26.060494000210692],
[-97.890310000038667,26.06059999995864],
[-97.890021000333661,26.060720999804939],
[-97.889715000011918,26.06088899975115],
[-97.889442000200432,26.061041000263426],
[-97.889175000236747,26.061218999837543],
[-97.888946999732809,26.061421000277893],
[-97.888735000020702,26.061609000135107],
[-97.888555999920541,26.061788000302563],
[-97.888425000399309,26.061998999941363],
[-97.888247999948987,26.06226199968194],
[-97.888161999735246,26.062507000167091],
[-97.888143000366981,26.062797999764719],
[-97.888114999879576,26.063179000366329],
[-97.888120999727363,26.063778999621185],
[-97.888170000131169,26.064162999726413],
[-97.888252000146935,26.064592000095299],
[-97.8883340001627,26.065159999695727],
[-97.888305999675282,26.065497999955106],
[-97.888263000017602,26.065802999927371],
[-97.888149000214781,26.066028999918416],
[-97.888006000099637,26.066215999838395],
[-97.887886000449029,26.066400000050809],
[-97.887698999952974,26.066536999613401],
[-97.887442999859942,26.066643000348908],
[-97.887171999698296,26.066656999982108],
[-97.886901000434946,26.066656999982108],
[-97.886544000059573,26.066608000048145],
[-97.886154000072239,26.066530000193314],
[-97.885713000031274,26.066420999947052],
[-97.885265000317617,26.066298999728804],
[-97.88486500028452,26.066198999931366],
[-97.884204999960446,26.066058999748769],
[-97.883339999596956,26.065903999870152],
[-97.882881000012645,26.065902000255626],
[-97.882474000306857,26.065885000302998],
[-97.881984999687006,26.065869000155487],
[-97.881285000078279,26.065729000385421],
[-97.881049999901634,26.0656639998877],
[-97.88078499958776,26.065539000256848],
[-97.880423000087816,26.065446999913977],
[-97.87999899976532,26.06532200005157],
[-97.879608999777957,26.065258999760506],
[-97.878964000420822,26.065180000000847],
[-97.87842100027261,26.065162000129881],
[-97.87793000000292,26.065067999862137],
[-97.877421000189884,26.064927999941631],
[-97.877015000309029,26.064726999717081],
[-97.876558000374544,26.064525000135578],
[-97.876098999891894,26.064265999918824],
[-97.875712000277616,26.064015999960926],
[-97.875356999552068,26.063768999752934],
[-97.874985000006376,26.0634789999744],
[-97.874630000179152,26.063137000214642],
[-97.87427600017682,26.062797999764719],
[-97.873938999892943,26.062488999885389],
[-97.87356800017217,26.062060999724732],
[-97.873184999857514,26.06161900018774],
[-97.872948000031045,26.061240999702648],
[-97.872712000029509,26.060864000269152],
[-97.872495000294521,26.060517999918407],
[-97.872245000049261,26.060118999700677],
[-97.87175299995468,26.059290000225193],
[-97.871224999875068,26.058398999651615],
[-97.870942000017848,26.057984999745141],
[-97.87060499973397,26.057598999808956],
[-97.870266999625173,26.057275999991106],
[-97.869927999691456,26.057044999840148],
[-97.869623999917849,26.056905999900167],
[-97.869336000037762,26.056842999925312],
[-97.868996000279125,26.056841000156137],
[-97.868673000238928,26.056946999980873],
[-97.868468000199542,26.057160999913492],
[-97.868385000358842,26.057409000213827],
[-97.868413999772855,26.057713000386535],
[-97.868494999963715,26.057909000355799],
[-97.868462000351741,26.058156000006647],
[-97.868414999597775,26.058519000286726],
[-97.868340999977917,26.058755000101215],
[-97.868135000113597,26.059045000275521],
[-97.868032000181429,26.05927499984772],
[-97.867929000249262,26.059473000156366],
[-97.867757999646741,26.059779000342061],
[-97.867569000399158,26.060070000259842],
[-97.867432000131799,26.060329999924445],
[-97.867226000267479,26.060742999763562],
[-97.867105999718575,26.06101799970482],
[-97.866950999907871,26.061370000075726],
[-97.866761999761991,26.061890000320751],
[-97.866555999897656,26.06231900013697],
[-97.866384000368527,26.062670999826782],
[-97.866225000359876,26.063069000398222],
[-97.866000000228979,26.063577000018832],
[-97.865775000098068,26.064088999955377],
[-97.865661000295248,26.064383999745875],
[-97.865524000027918,26.064659999834571],
[-97.865351999600449,26.065027000202459],
[-97.865197999614665,26.065332999599377],
[-97.865007999643879,26.065822000314736],
[-97.864887999993272,26.066173999968683],
[-97.864749999901022,26.066526000178655],
[-97.864611999808744,26.066909000356244],
[-97.864421999837958,26.067414000079271],
[-97.864232999692064,26.067842000047669],
[-97.864035000223652,26.068358999639482],
[-97.863701000312815,26.068943999849793],
[-97.86347899965665,26.069233999815573],
[-97.863240000180355,26.069494000120443],
[-97.862905000444613,26.06975900033375],
[-97.862541000396533,26.069935000025282],
[-97.862098999632352,26.070086000324675],
[-97.861790999660769,26.070125000284854],
[-97.861802000429748,26.070271999645609],
[-97.861875000224671,26.070854999646286],
[-97.861875000224671,26.071031000111407],
[-97.861875000224671,26.080627999778095],
[-97.861875000224671,26.080945999738042],
[-97.861875000224671,26.081063000023509],
[-97.861875000224671,26.081466000201278],
[-97.861875000224671,26.081710000373345],
[-97.861875000224671,26.081944999777107],
[-97.861876999874511,26.083670000046983],
[-97.861876999874511,26.083703999626547],
[-97.861876000049591,26.083845999804712],
[-97.861876000049591,26.083947999974079],
[-97.861876000049591,26.084189999703913],
[-97.861875000224671,26.084382999983227],
[-97.861875000224671,26.091989000079192],
[-97.861875000224671,26.103453999902776],
[-97.861875000224671,26.105506000325555],
[-97.861875000224671,26.107794999853784],
[-97.861875000224671,26.109224999941624],
[-97.861875000224671,26.109289000203368],
[-97.861875000224671,26.111979000164641],
[-97.861875000224671,26.112588999845958],
[-97.861875000224671,26.113641999732607],
[-97.861875000224671,26.118631000042413],
[-97.861875000224671,26.120295000285395],
[-97.861875000224671,26.121305999861214],
[-97.861875000224671,26.124341000369675],
[-97.861875000224671,26.125352999722921],
[-97.861875000224671,26.126259000127483],
[-97.861875000224671,26.128978999656741],
[-97.861875000224671,26.12988600023322],
[-97.861875000224671,26.129902999757974],
[-97.861875000224671,26.129953999930407],
[-97.861875000224671,26.129972000318023],
[-97.861875000224671,26.129986999698001],
[-97.861875000224671,26.130033000311663],
[-97.861875000224671,26.130048999749402],
[-97.861875000224671,26.130352999941387],
[-97.861861999805882,26.13182699962795],
[-97.861861999805882,26.131874000373355],
[-97.861862999630802,26.131976999830194],
[-97.861874000399752,26.13546899970385],
[-97.861875000224671,26.142085999686174],
[-97.861875000224671,26.142103999816545],
[-97.861875000224671,26.14644599999535],
[-97.861875000224671,26.149415999615364],
[-97.861876000049591,26.149484999933183],
[-97.861684000428966,26.151736000337184],
[-97.861687999728616,26.151956000305244],
[-97.86169799977435,26.15252600030886],
[-97.861705000345367,26.152877000385793],
[-97.861726000261754,26.153899000197498],
[-97.861759999698634,26.155462000342567],
[-97.861763999896596,26.155666999625502],
[-97.861782000338252,26.156518000258945],
[-97.861793000208905,26.157073999650887],
[-97.86180800027752,26.157774999777406],
[-97.861810999752251,26.157915999642523],
[-97.861819999973093,26.158370999812],
[-97.861838000414764,26.159231000025432],
[-97.861836999691533,26.15947999980645],
[-97.861843000437617,26.159621000029645],
[-97.861845999912376,26.159698999874006],
[-97.861851999760148,26.159878999687955],
[-97.861876000049591,26.159890000016997],
[-97.861851999760148,26.159893000253131],
[-97.861876000049591,26.161081999617625],
[-97.861876000049591,26.161111000257005],
[-97.861886000095339,26.161550999898314],
[-97.861891000118206,26.161835000397918],
[-97.861942999996728,26.164353000194765],
[-97.861969999760916,26.165650000043716],
[-97.861969999760916,26.165669000330904],
[-97.862095000332701,26.171740000348688],
[-97.862096999982526,26.171837000238071],
[-97.861927999928128,26.179475999798445],
[-97.861927000103208,26.18139000028588],
[-97.861926000278316,26.186403999966927],
[-97.861924999555072,26.18997199975076],
[-97.861927000103208,26.193323000364082],
[-97.861922999905261,26.195827000001298],
[-97.861924999555072,26.197228999909235],
[-97.861922000080341,26.199102999822909],
[-97.861922999905261,26.200929999900268],
[-97.861920000430516,26.204189999878682],
[-97.861920000430516,26.204415999788395],
[-97.861920000430516,26.204689999910848],
[-97.861916000232554,26.211802999704744],
[-97.861917000057474,26.214271999646964],
[-97.86191799988238,26.215449000191537],
[-97.861918999707299,26.218748000003483],
[-97.861916000232554,26.219207000007994],
[-97.861912999859527,26.226264000354615],
[-97.861912999859527,26.22633400034573],
[-97.861912000034593,26.226429999850605],
[-97.861911000209687,26.229868999905765],
[-97.861911000209687,26.229983999987887],
[-97.861912999859527,26.230051000116429],
[-97.861911000209687,26.230967000155125],
[-97.861911000209687,26.231300999994453],
[-97.861910000384768,26.233604999983513],
[-97.861910000384768,26.234790999667794],
[-97.861907999836646,26.240725000002048],
[-97.861907999836646,26.240900999811682],
[-97.861912000034593,26.241037000177883],
[-97.861907000011726,26.244490999999357],
[-97.861906000186806,26.245473000088047],
[-97.861901999988859,26.248122000307649],
[-97.861905000361915,26.248705999823244],
[-97.861903999638685,26.251740999604298],
[-97.861902999813765,26.254924999911953],
[-97.861901000163954,26.258869000002036],
[-97.861896999965978,26.259013999775011],
[-97.861897999790898,26.271478000156367],
[-97.861895000316153,26.277661000039473],
[-97.861892999768017,26.28406700017668],
[-97.861891000118206,26.284472000332588],
[-97.861891000118206,26.290342999897216],
[-97.8618900002933,26.293982999887984],
[-97.861888999570056,26.295108999701831],
[-97.8618900002933,26.295358000277876],
[-97.861886999920245,26.302621000298895],
[-97.861885000270419,26.307075999830904],
[-97.861885000270419,26.307145000081587],
[-97.861881000072472,26.307616999831261],
[-97.861825999820866,26.310364999640672],
[-97.861793000208905,26.312053000049048],
[-97.861774999767263,26.312949000124892],
[-97.86192399973018,26.316319999721809],
[-97.86192399973018,26.316483999968824],
[-97.8618900002933,26.316717000170947],
[-97.8618900002933,26.316743999707878],
[-97.861891000118206,26.316809999623114],
[-97.861891999943111,26.316876000305921],
[-97.861891999943111,26.316940000004966],
[-97.861887999745164,26.316956000326787],
[-97.861886000095339,26.31699399977381],
[-97.861838000414764,26.317424000106747],
[-97.861854000308284,26.317517999862051],
[-97.861870000201804,26.317613999670492],
[-97.861850000110323,26.317685000215729],
[-97.861840000064575,26.317698000242814],
[-97.861841999714414,26.317752999721829],
[-97.861866999828763,26.318243000003285],
[-97.861907999836646,26.319033999891328],
[-97.861875000224671,26.319309000295164],
[-97.861886999920245,26.322330000197493],
[-97.861896999965978,26.322497000054721],
[-97.861918999707299,26.322822999694484],
[-97.861927000103208,26.322998999810139],
[-97.861934999600805,26.323167000329779],
[-97.861942000171823,26.323339999876918],
[-97.861965999562941,26.323860000199165],
[-97.861973999958877,26.324034000330652],
[-97.861975999608703,26.324139999653294],
[-97.8619820003548,26.324459000265335],
[-97.861984999829531,26.324566000008783],
[-97.862000999723065,26.325176999637065],
[-97.862049000301951,26.327010000112644],
[-97.862066000020391,26.327620999727475],
[-97.862050999951762,26.327702000355472],
[-97.862040999906029,26.327746000165931],
[-97.861951000392665,26.331573000234904],
[-97.861926000278316,26.338525999674033],
[-97.861922999905261,26.339364000137191],
[-97.861912000034593,26.342146999897718],
[-97.861912000034593,26.342222000103963],
[-97.861901999988859,26.345062000209044],
[-97.861891999943111,26.347868999888117],
[-97.861875000224671,26.348047999969779],
[-97.861875000224671,26.348088000085085],
[-97.861875000224671,26.348156000249329],
[-97.861875000224671,26.348347999692397],
[-97.861875000224671,26.353458999624607],
[-97.861875000224671,26.363913000129351],
[-97.861875000224671,26.371241000362033],
[-97.861875000224671,26.372645000242589],
[-97.861875000224671,26.372747000140222],
[-97.861838000414764,26.375346999736408],
[-97.861826999645785,26.382102999986039],
[-97.861828000369002,26.382179999846908],
[-97.861826999645785,26.382254999839724],
[-97.861825999820866,26.382407000298144],
[-97.861821999622904,26.385778000340913],
[-97.861820999798013,26.386011999692318],
[-97.861835999866614,26.393017999730986],
[-97.861850999935228,26.400281000103639],
[-97.861866000003843,26.407545999848633],
[-97.861895000316153,26.422065999819036],
[-97.861896999965978,26.423400000316892],
[-97.861910000384768,26.42927700039542],
[-97.861912000034593,26.430198000082992],
[-97.86191799988238,26.432963999652848],
[-97.861920000430516,26.433579000061641],
[-97.862226999678867,26.433579000061641],
[-97.863533999908228,26.433572000195781],
[-97.867456000421257,26.433555000060121],
[-97.868763999577212,26.43354999992513],
[-97.868797999912402,26.43354999992513],
[-97.868848999966033,26.43354999992513],
[-97.868900000019664,26.43354999992513],
[-97.868934000354841,26.43354999992513],
[-97.872383999966445,26.4335350003232],
[-97.875276000259532,26.433521999647688],
[-97.878863999963386,26.433508999775125],
[-97.880583999746321,26.43350700004212],
[-97.887847000090972,26.433440999984722],
[-97.888244999575932,26.433444000390356],
[-97.89016100007575,26.433435999844786],
[-97.89024200026661,26.433426000368609],
[-97.890293000320227,26.433409000211434],
[-97.890318000434576,26.433391000184226],
[-97.890342999650628,26.433360000264813],
[-97.890347999673509,26.433347000374006],
[-97.890306999665611,26.43330799988831],
[-97.890320999909335,26.43330799988831],
[-97.899140999830308,26.433319999915405],
[-97.902069000108384,26.433290999713705],
[-97.906119999594537,26.433265999783657],
[-97.906568000206505,26.433239000110486],
[-97.907993000436647,26.433243000390174],
[-97.908272999920797,26.433243000390174],
[-97.908508000097441,26.433245000127773],
[-97.908306000431082,26.434825999832938],
[-97.908302000233121,26.434857000162403],
[-97.908296000385349,26.434907999985651],
[-97.908339000043057,26.434917000283349],
[-97.908370999830112,26.434924000067493],
[-97.908468999739384,26.434957000078487],
[-97.912142999656979,26.435479999722158],
[-97.915022000429587,26.435931999941431],
[-97.917045000161224,26.436230000162706],
[-97.922663999992622,26.437047000023522],
[-97.923377000020167,26.437192000255081],
[-97.923705000083217,26.437251999964666],
[-97.923866999566599,26.437285999947104],
[-97.923956999978287,26.437304000170347],
[-97.924080000001922,26.43732999986219],
[-97.924444999874908,26.437406999874252],
[-97.924608999906454,26.437411999841892],
[-97.924794999679293,26.437417999641948],
[-97.925942999900002,26.437457000345503],
[-97.926017000418156,26.43746599963972],
[-97.926091999862905,26.437483000002803],
[-97.926433000344758,26.437535999935815],
[-97.926477999652278,26.437541999729408],
[-97.926489000421256,26.437543000365267],
[-97.92682199960889,26.437589999675541],
[-97.927469000412472,26.437688999802912],
[-97.927737000201077,26.437735000028177],
[-97.928476000167876,26.437834000030971],
[-97.928553999985681,26.437843999929044],
[-97.928988000353954,26.437899999985625],
[-97.92976499995558,26.438017999785906],
[-97.929865000413002,26.438032999608708],
[-97.929983000413785,26.438048000233923],
[-97.930207999646385,26.438085000266295],
[-97.930523000188956,26.43811999982945],
[-97.930555999800916,26.438123999939716],
[-97.93067700017474,26.438142000032052],
[-97.931422999814231,26.438225000063891],
[-97.932617000065704,26.438408999998821],
[-97.933165000236784,26.438489000368474],
[-97.933869999868392,26.438598000360482],
[-97.934835999615899,26.43871200016061],
[-97.935115000173482,26.438758999798431],
[-97.936055999806641,26.438900000205564],
[-97.936326000143382,26.438944000308684],
[-97.937512999823838,26.43912499964221],
[-97.938121000269376,26.43920699995326],
[-97.938943000076847,26.439329000092275],
[-97.939147000291356,26.439364999897602],
[-97.939774000105146,26.439454000351223],
[-97.940391999698122,26.439551999867426],
[-97.940539000011228,26.439567000294904],
[-97.941011999839233,26.439634999687954],
[-97.941359999993779,26.439680999940684],
[-97.941638999653037,26.439722000307842],
[-97.942083999891963,26.439773000391057],
[-97.942456000335952,26.439827999698473],
[-97.942586000032293,26.439843999901559],
[-97.943278000143422,26.439954000031033],
[-97.943972999729297,26.440059000202893],
[-97.944402000074689,26.440116999605674],
[-97.944714000244232,26.440166999705308],
[-97.945181000224451,26.440232999932331],
[-97.945505000089568,26.44027199968308],
[-97.946704000363894,26.440470999876354],
[-97.947559999608245,26.440598999920063],
[-97.94836399987237,26.440713000153483],
[-97.948588000178347,26.440749000330783],
[-97.948813000309244,26.440791000121223],
[-97.949401999589895,26.440872000248334],
[-97.950042999647408,26.440984999605647],
[-97.95074099960631,26.441075000217459],
[-97.951850000367287,26.441237000015459],
[-97.952230000308901,26.441284000231988],
[-97.953102000345069,26.441408999978673],
[-97.953407999768515,26.441448999933336],
[-97.954386000109906,26.441594000255744],
[-97.955221000336167,26.441702999723379],
[-97.956149000448846,26.441841000362583],
[-97.956299000236683,26.441871999609141],
[-97.956469999940907,26.441897999878943],
[-97.957789999690732,26.442087000147822],
[-97.958055999829526,26.442134999809245],
[-97.95816499960948,26.442144000346783],
[-97.958521000159934,26.442191999984505],
[-97.959963999933422,26.442363000340968],
[-97.960185999691276,26.442402000175072],
[-97.960293999646311,26.442425999942657],
[-97.960431999738574,26.442448999916337],
[-97.960754999778757,26.44250199997807],
[-97.961380999767655,26.442578999751156],
[-97.961836999877235,26.442653999898472],
[-97.963027999755653,26.442815000103476],
[-97.964148000387269,26.442983000182394],
[-97.964290999604088,26.443009999985485],
[-97.964397999734203,26.443024999962748],
[-97.96443500044245,26.443027000334933],
[-97.966197000058159,26.443302999884764],
[-97.968124000428645,26.443570999735819],
[-97.968772000158836,26.443679999745981],
[-97.969302999713179,26.443752999621339],
[-97.969957000189467,26.443855000218093],
[-97.971016999648313,26.443998000374329],
[-97.971559999796526,26.444081999984014],
[-97.972389000175014,26.444225999631946],
[-97.972429000357991,26.44423299965495],
[-97.9728519999573,26.444292999719615],
[-97.97316800032479,26.444341999843047],
[-97.973498000037665,26.444387000052991],
[-97.974011000048662,26.444467000293411],
[-97.974697000312005,26.444551000365408],
[-97.97556299960209,26.444664000135852],
[-97.9761469997582,26.444748000064202],
[-97.976518000377268,26.444789000236774],
[-97.976887000448201,26.444837000381057],
[-97.97724800012324,26.444893000256002],
[-97.978126000007208,26.445008000028743],
[-97.978464999940911,26.44505799961436],
[-97.979035999678217,26.445153999658721],
[-97.979709000421096,26.44524599976025],
[-97.980194999769594,26.445326000208414],
[-97.980348999755364,26.445347000075564],
[-97.980495000243565,26.445360000221221],
[-97.980639000183601,26.445381999845647],
[-97.981123999707194,26.44547200023969],
[-97.981998000291497,26.445610000385589],
[-97.982476000142398,26.445681000320491],
[-97.982973000259861,26.445742000195619],
[-97.9836310000358,26.445836000150905],
[-97.983785999846504,26.445853999842679],
[-97.984180000031799,26.445916999948192],
[-97.984284999613777,26.445929000270773],
[-97.984347000436387,26.4459309997882],
[-97.984388000444255,26.445933000109903],
[-97.985338000298242,26.4460730000228],
[-97.986425000419587,26.446258999804765],
[-97.986679999789402,26.446295999613135],
[-97.986957999623741,26.446349000317902],
[-97.987243000029096,26.446386999852127],
[-97.98736799970257,26.446396000057447],
[-97.987710000009344,26.446441000269299],
[-97.987987999843682,26.446484000151457],
[-97.988317999556571,26.446514000003603],
[-97.988352999716668,26.446516000315178],
[-97.98890900028367,26.446552000287713],
[-97.989422000294667,26.446583999628242],
[-97.989678000387698,26.446647000138807],
[-97.990177999979906,26.446783999930016],
[-98.000114000334534,26.448182999818364],
[-98.00030500013024,26.448212000293413],
[-98.000377999925163,26.448222000094958],
[-98.002075000141872,26.448473000218645],
[-98.004189000110117,26.448783999933585],
[-98.002958000048707,26.455889999775493],
[-98.002928999736397,26.456065000193043],
[-98.002912999842877,26.456160999909297],
[-98.002907999819996,26.456179000400077],
[-98.00263800038158,26.458050999887572],
[-98.002359999648917,26.459572999669309],
[-98.002301000097674,26.459614000193525],
[-98.001666999712882,26.463208000250024],
[-98.000994999693233,26.466742999852119],
[-98.000280999840797,26.470503000287763],
[-97.999065999672936,26.477488000370673],
[-97.999062000373286,26.47752300001871],
[-97.999042000281804,26.477619999814621],
[-97.999037000258923,26.477653999939257],
[-97.99903200023607,26.477675999825351],
[-97.999019999642172,26.477744000031468],
[-97.999017000167456,26.477767999668902],
[-97.998987000030212,26.477934999922415],
[-97.998924000281022,26.47829199975223],
[-97.998580000324438,26.479879000153122],
[-97.998174000443584,26.48248499995724],
[-97.996585000181909,26.491543999883188],
[-97.996514000036797,26.491909999939775]]]},"properties":{"GEOID":"48215","NAME":"Hidalgo County","AREALAND":4069433006,"AREAWATER":30081128}}]}
